original_target_index,leg,is_original_target,d_mm,coarse_index,fine_index,coarse_state_sha256,fine_state_sha256,coarse_R_input_N,coarse_q_out_mm,coarse_total_body_Fy_N,coarse_material_body_Fy_N,coarse_regularization_body_Fy_N,coarse_cached_two_sided_normal_magnitude_sum_N,coarse_tip_x_mm,coarse_tip_y_mm,coarse_tip_to_bottom_mm,coarse_tip_to_left_mm,coarse_tip_to_right_mm,coarse_solid_min_J,coarse_medium_min_J,coarse_medium_max_abs_Hu_per_mm,fine_R_input_N,fine_q_out_mm,fine_total_body_Fy_N,fine_material_body_Fy_N,fine_regularization_body_Fy_N,fine_cached_two_sided_normal_magnitude_sum_N,fine_tip_x_mm,fine_tip_y_mm,fine_tip_to_bottom_mm,fine_tip_to_left_mm,fine_tip_to_right_mm,fine_solid_min_J,fine_medium_min_J,fine_medium_max_abs_Hu_per_mm,fine_minus_coarse_R_input_N,fine_minus_coarse_q_out_mm,fine_minus_coarse_total_body_Fy_N,fine_minus_coarse_material_body_Fy_N,fine_minus_coarse_regularization_body_Fy_N,fine_minus_coarse_cached_two_sided_normal_magnitude_sum_N,fine_minus_coarse_tip_x_mm,fine_minus_coarse_tip_y_mm,fine_minus_coarse_tip_to_bottom_mm,fine_minus_coarse_tip_to_left_mm,fine_minus_coarse_tip_to_right_mm,fine_minus_coarse_solid_min_J,fine_minus_coarse_medium_min_J,fine_minus_coarse_medium_max_abs_Hu_per_mm
0,origin,True,0.0,0,0,e0eea1fec4850c45769a7e5356a2c8b7b3accf289ea84f5e5267173dae080354,0db2650bbbf9a2cc54a17d57c6a609643c7a262bf45b22386be7d914fa673f73,0.0,0.0,0.0,0.0,0.0,0.0,80.0,30.0,1.0,18.027756377319946,1.0,1.0,1.0,0.0,0.0,0.0,0.0,0.0,0.0,0.0,80.0,30.0,1.0,18.027756377319946,1.0,1.0,1.0,0.0,0.0,0.0,0.0,0.0,0.0,0.0,0.0,0.0,0.0,0.0,0.0,0.0,0.0,0.0
1,loading,True,0.25,1,1,c2eae2c07b744a3c5bdd6cb33c8073ada411e4df47d925943f36bbdc281baddc,8a4999b9be74c1be8f4809d3c6bc8e946efdcb11ae9bbcb52a629322abcd228c,0.05281439216389896,0.28632555493352496,0.0001915720460062136,0.00010647089379904429,8.51011522071693e-05,0.0003831440920124272,79.9078803501174,30.286226977486873,0.7137730225131271,17.922099502061364,0.7196929606172474,0.9936370938528563,0.7125057408190454,0.05052587712705273,0.04576752431496978,0.29254733533081145,0.0001959391549777026,0.0001063437056407086,8.959544933699396e-05,0.0003918783099554052,79.90209475282974,30.292433493468884,0.7075665065311156,17.916072306743427,0.7143079158095037,0.9926119831572965,0.706357298824618,0.05878447241443546,-0.007046867848929175,0.006221780397286492,4.367108971488999e-06,-1.271881583356807e-07,4.494297129824666e-06,8.734217942977997e-06,-0.005785597287655264,0.006206515982011496,-0.006206515982011496,-0.006027195317937384,-0.005385044807743711,-0.0010251106955597722,-0.006148441994427434,0.00825859528738273
2,loading,True,0.5,2,2,7cf1acd93245784bb3b24e1a7f1560086ac74750d7967fc6c7fc36e88d590559,81de5ba3f22a8b7fcde66db1198fc8348c38fb03d844fdec3043d2577a205bc2,0.10700027157114009,0.5737040958820885,0.0005339615966747703,0.0003048236999596551,0.0002291378967151147,0.0010679231933495405,79.80589203278237,30.573255860533823,0.4267441394661766,17.811005071125866,0.46881602309017684,0.9873155295803682,0.4215365180372036,0.11189716130177817,0.09289097516604754,0.58628499811431,0.0005546739578690971,0.00030707300439407895,0.0002476009534750178,0.0011093479157381942,79.79379578404995,30.5857421939817,0.4142578060182984,17.79861730400204,0.4627415137230178,0.9852498279297587,0.41014755857169394,0.1459059367065838,-0.01410929640509255,0.012580902232221525,2.0712361194326822e-05,2.2493044344238625e-06,1.8463056759903095e-05,4.1424722388653645e-05,-0.012096248732419213,0.012486333447878195,-0.012486333447878195,-0.012387767123826166,-0.006074509367159031,-0.002065701650609486,-0.011388959465509663,0.03400877540480564
3,loading,True,0.65,3,3,05fdfe4de7cfc1d67613e63271ea15ee16092b6e37d5e5bd01be2b414a8d8519,1abe48041bb086032e8daa8c84eac71483d32a679aafd7a554b298cf06bd2ee7,0.1406659474697721,0.7453059822401796,0.0009863400937217821,0.0005659032885784419,0.00042043680514333985,0.0019726801874435642,79.74093695367849,30.744421078839,0.2555789211609998,17.742777814630287,0.36391516444248917,0.9835622569187773,0.24675905399929857,0.15522081242948527,0.12238702152121542,0.7615196734802416,0.0010482804616604204,0.0005784117386049159,0.00046986872305550427,0.0020965609233208407,79.72503595218404,30.76037953224193,0.2396204677580691,17.72665556372057,0.36472345161770353,0.9808769193825755,0.2326769393921873,0.22062160625114768,-0.01827892594855668,0.016213691240062,6.194036793863824e-05,1.2508450026473927e-05,4.943191791216442e-05,0.00012388073587727647,-0.015901001494441402,0.015958453402930672,-0.015958453402930672,-0.016122250909717195,0.0008082871752143617,-0.002685337536201815,-0.014082114607111257,0.06540079382166242
4,loading,True,0.75,4,4,b17858998c5417cb3e1a008911e9b1eb236d96c6d504547411c84d9c887d01d7,ee105452294633efb107bd758e7606185cd7ec9d524256a168d07da7017a5760,0.16409492482795768,0.8580046464988762,0.001642582014153588,0.0009560541564996162,0.0006865278576539703,0.003285164028307176,79.69703280113056,30.85663770407092,0.14336229592908012,17.69761347504756,0.3351743896613393,0.9810962667446695,0.13174349772394658,0.18693736534669358,0.14315504454823655,0.8762752007043639,0.001792584806259707,0.0010163240257454326,0.0007762607805142748,0.003585169612519414,79.67882966486202,30.87443161498982,0.12556838501017964,17.679275599936766,0.3448446077390597,0.9780125760947598,0.11578312267406325,0.28297318376527214,-0.02093988027972113,0.018270554205487732,0.00015000279210611897,6.026986924581633e-05,8.973292286030448e-05,0.00030000558421223794,-0.01820313626853931,0.01779391091890048,-0.01779391091890048,-0.01833787511079521,0.00967021807772045,-0.003083690649909765,-0.015960375049883332,0.09603581841857856
5,loading,True,0.8,5,5,4f58a9c6192dc24623e1a14bcf17d6676af42b89d29772d39c9ce17042b6c5be,9c3b55d24d49253239606f80bacf8ef3c87c6aebb591d92da14a77bb69a69e33,0.17636000528889867,0.9131725292057238,0.0022497846021304413,0.0013653565013481525,0.0008844281007822896,0.004499569204260883,79.67533866752281,30.91147400065868,0.08852599934132144,17.67556035502655,0.33651423946877057,0.9798838426295531,0.07545394911799698,0.20348255858969566,0.15421292136397552,0.9321081313981173,0.0025283982480768918,0.0015448697952022963,0.0009835284528745966,0.0050567964961537835,79.65622999797512,30.92976998868502,0.07023001131497963,17.6563696720443,0.35087044443995274,0.9766142956408003,0.058941923519126,0.31677094605087885,-0.02214708392492315,0.01893560219239354,0.00027861364594645045,0.00017951329385414378,9.9100352092307e-05,0.0005572272918929009,-0.019108669547691193,0.018295988026341803,-0.018295988026341803,-0.019190682982252127,0.014356204971182174,-0.003269546988752814,-0.01651202559887098,0.1132883874611832
6,loading,True,0.85,6,6,277b8ba963fe839392a0032c3cd34beedaf18e9bcb92339ecd696410f17de45f,2d19d368d255e5966c880502f444386c2d56336e7201a017e849f3fcd7ae61dd,0.18956268447698427,0.9660633650701395,0.00352194670330523,0.002415124065950637,0.0011068226373545905,0.00704389340661046,79.65475762745922,30.9639396470361,0.036060352963900755,17.65479445457764,0.3471205048012414,0.9787088586158291,0.021593663042824514,0.21990425260441424,0.16705078472657217,0.983337384341189,0.004636577550125938,0.0034790753630243565,0.001157502187101581,0.009273155100251876,79.63626041007903,30.980326034961102,0.019673965038897734,17.63627138362929,0.36427126454913467,0.975316941451914,0.008390713308768259,0.35064216120266933,-0.022511899750412095,0.017274019271049545,0.0011146308468207083,0.0010639512970737194,5.0679549746990423e-05,0.0022292616936414166,-0.018497217380186726,0.01638638792500302,-0.01638638792500302,-0.01852307094835126,0.017150759747893263,-0.0033919171639150703,-0.013202949734056255,0.1307379085982551
7,loading,True,0.9,7,7,6594c8ed505af4b91270048df10e433f7493477e368be91f61b5d62b3eb956d4,c44501d23c146dbacb258fc257ba582bacaa2df01d44710f184b04f54a991ce9,0.21410064820963867,0.9891229959027077,0.014426875787379273,0.01320398544362448,0.0012228903437547952,0.028853751574758547,79.65319748776382,30.98567411417623,0.014325885823769369,17.653203300619282,0.34709827642608954,0.9780220416924448,0.0003142837539473467,0.22489437824562836,0.19350330938851512,0.9977776885286317,0.018275955611587742,0.01717015537186891,0.001105800239718828,0.036551911223175484,79.64021872634169,30.992435918336756,0.007564081663243627,17.64022034807126,0.3598607789223585,0.9748259517576947,0.00014317974368846336,0.3770542080500555,-0.02059733882112355,0.008654692625923999,0.003849079824208469,0.0039661699282444295,-0.00011709010403596716,0.007698159648416938,-0.012978761422132834,0.006761804160525742,-0.006761804160525742,-0.012982952548021842,0.01276250249626898,-0.003196089934750068,-0.00017110401025888336,0.15215982980442716
8,loading,True,0.95,8,8,d74e4323f4d709dd476123bd5f7d14071ff37a3acd9f205fef1f3710d0fc03b0,635be4cc2141bdbae0c9ca567bf4fa366e973550530b0a0dab2044c2810780b1,0.2459627254852306,0.9928847655985522,0.03158934263807317,0.03032307905607618,0.0012662635819969874,0.06317868527614634,79.6640026613993,30.987510252413905,0.01248974758609478,17.6640070769833,0.3362293939284927,0.9776510409599747,0.00012179630847225852,0.22221957170444206,0.2233701677820972,1.0032094249654324,0.034889988688896,0.03381054217322995,0.001079446515666051,0.069779977377792,79.64964062460443,30.995330585957106,0.0046694140428940045,17.64964124227783,0.3503904898182566,0.9745315483582028,6.43459320700707e-05,0.39668060095892843,-0.022592557703133398,0.010324659366880207,0.0033006460508228294,0.003487463117153769,-0.00018681706633093633,0.006601292101645659,-0.014362036794864252,0.007820333543200775,-0.007820333543200775,-0.014365834705468927,0.014161095889763886,-0.0031194926017719116,-5.745037640218782e-05,0.17446102925448637
9,loading,True,1.0,9,9,bde79dd101b960705cd7fb9ae7dea6ee7586f94e4623fed76b4256301f76d011,238d3b02310eb1d9043d9c2f6d562a606d2b4f425e341320f8eb4a561db48c78,0.27799065440387166,0.9963722332629292,0.04891031874626415,0.047599340120980584,0.0013109786252835669,0.0978206374925283,79.67474313076897,30.98909608230707,0.010903917692928644,17.67474649419578,0.3254395894832451,0.9772846710836491,7.716752011501397e-05,0.21951355731954392,0.2540320771886477,1.0066727288277793,0.052179029890215785,0.051084597569590294,0.0010944323206254897,0.10435805978043157,79.66005470474292,30.99647124986499,0.003528750135011194,17.660055057292148,0.3399636095892315,0.9742846874489802,4.2263976510750284e-05,0.3963969832231441,-0.023958577215223986,0.01030049556485002,0.003268711143951636,0.0034852574486097104,-0.00021654630465807716,0.006537422287903272,-0.014688426026054913,0.00737516755791745,-0.00737516755791745,-0.014691436903632393,0.014524020105986413,-0.0029999836346689124,-3.490354360426368e-05,0.17688342590360018
10,loading,True,1.05,10,10,ed6151fb13e5fcd92e10bba4fac5b33fe71eb987004119ae3902a535ccdea75f,60a2c9b3ddc286c3eb877e8f4af38ca511ee770aecbe2569d3da5ea0c35f2c43,0.3101395984370835,0.9997003608400311,0.06635235993542223,0.06499476860911303,0.001357591326309188,0.13270471987084445,79.68534805914751,30.990551223672146,0.009448776327854347,17.68535058325299,0.3147937789352415,0.9769211452190906,5.700334088654349e-05,0.2168210249877166,0.28487470006361904,1.0097696149749142,0.0696105864770317,0.06847526920857863,0.0011353172684530702,0.1392211729540634,79.67053137254791,30.99724909985042,0.0027509001495786833,17.67053158667423,0.3294801115800392,0.9740466606917025,3.2020213552323714e-05,0.3858563345029036,-0.02526489837346446,0.010069254134883132,0.0032582265416094686,0.0034805005994655996,-0.00022227405785611785,0.006516453083218937,-0.01481668659960178,0.0066978761782756635,-0.0066978761782756635,-0.014818996578760846,0.014686332644797684,-0.0028744845273880326,-2.4983127334219775e-05,0.16903530951518697
11,loading,True,1.1,11,11,07fa722baab21659dbcd2580242e8d0d78c7e57752470467ee4f087c979e42ec,67692d9a8b93563c7e2bb4902b7593a3a6243fcd51216730b9e6cb908c25bc00,0.342401575271465,1.0028860076359178,0.08390934101782505,0.08250305188501848,0.001406289132806576,0.1678186820356501,79.69581131654667,30.991894214195828,0.008105785804172427,17.69581317302442,0.304296662657636,0.9765602984899201,4.545304632406369e-05,0.21414660085635698,0.3158256314006974,1.0127027458468831,0.08712878021277447,0.08591857473006116,0.0012102054827133146,0.17425756042554894,79.6809255615654,30.99789726834851,0.0021027316514903305,17.680925686600723,0.31908136696264794,0.9738134846198176,2.6765668099349863e-05,0.3667528643256148,-0.02657594387076756,0.009816738210965292,0.003219439194949422,0.003415522845042679,-0.00019608365009326145,0.006438878389898844,-0.014885754981264654,0.006003054152682097,-0.006003054152682097,-0.014887486423695862,0.014784704305011942,-0.002746813870102449,-1.868737822471383e-05,0.15260626346925785
12,loading,True,1.15,12,12,4d8114adab8c956a48baaa08839289f13d175e29a6c2722e01a115b2a7131f5c,f23f8e24ef9ca0026dbdd5d757a370c2aa3d99c3ba939acd758e98b7fc4e519d,0.3747731106443471,1.005934433855916,0.10157918570762962,0.10012195630895862,0.0014572293986710035,0.20315837141525925,79.70613426600337,30.993132413235507,0.006867586764492728,17.706135597851013,0.29394597014645957,0.976202180119365,3.796149446362287e-05,0.21148963582468855,0.3471343276801674,1.0149529767451642,0.10502110575473947,0.10376590339925135,0.0012552023554881192,0.21004221150947894,79.69128690250521,30.99844730733756,0.0015526926624396253,17.691286970641986,0.30871700215461184,0.9736043410789503,2.454209033968162e-05,0.35994546454086584,-0.02763878296417971,0.009018542889248193,0.003441920047109845,0.0036439470902927262,-0.00020202704318288437,0.00688384009421969,-0.014847363498162736,0.005314894102053103,-0.005314894102053103,-0.014848627209026688,0.014771032008152274,-0.0025978390404146623,-1.3419404123941249e-05,0.1484558287161773
13,loading,True,1.2,13,13,a0adc01c7c11e5f565f1b02e73db78fa06469cfeb93d8e871f88a69af1fadd71,b9024263e887e0f0813c8ef64c6686f0b65899555bad19cf67a98f293958d7ed,0.4072527714891386,1.008846132373483,0.11936195151183741,0.11785138159936352,0.0015105699124738784,0.23872390302367483,79.71632121707017,30.994269683805925,0.005730316194075158,17.716322143801026,0.2837366532688919,0.9758469595735818,3.2722992545782586e-05,0.2088465633790193,0.37870645239539324,1.0166993609101365,0.12317940160165043,0.12191255705872141,0.0012668445429290087,0.24635880320330086,79.7016521645342,30.998855637371843,0.0011443626281568697,17.70165220152413,0.2983500301541054,0.9734133408548163,2.339669248338757e-05,0.3614815860369214,-0.02854631909374533,0.00785322853665349,0.003817450089813018,0.004061175459357885,-0.00024372536954486972,0.007634900179626036,-0.014669052535978722,0.004585953565918288,-0.004585953565918288,-0.014669942276896109,0.01461337688521347,-0.0024336187187654623,-9.326300062395014e-06,0.15263502265790208
14,unloading,True,1.15,14,14,abd5a4e14477ced49459c38651927487f3995b3f8cfc0fef6af8237384e7ab86,6460898f11570f55050774cc1412981bb6d4d5306a24ed4fe0baabde8d7c749e,0.37477311064434715,1.0059344338559157,0.10157918570664162,0.10012195630797063,0.0014572293986709897,0.20315837141328325,79.70613426600337,30.993132413235507,0.006867586764492728,17.706135597851013,0.29394597014645957,0.976202180119365,3.796149446399583e-05,0.21148963582468844,0.34713432768016655,1.0149529767451688,0.10502110575478034,0.103765903399292,0.001255202355488335,0.21004221150956068,79.69128690250521,30.998447307337567,0.00155269266243252,17.691286970641986,0.30871700215461184,0.9736043410789503,2.454209031659191e-05,0.35994546454081655,-0.027638782964180597,0.009018542889253078,0.0034419200481387163,0.0036439470913213617,-0.00020202704318265474,0.006883840096277433,-0.014847363498162736,0.005314894102060208,-0.005314894102060208,-0.014848627209026688,0.014771032008152274,-0.0025978390404146623,-1.341940414740392e-05,0.1484558287161281
15,unloading,True,1.1,15,15,bd720e4b04c6b7f69f1cea1f1cb89bbebbfce8ef4600af0771bc0f295b149565,2b365a66ff4a428afcbf90973425f3a17d997edad053b2903c02ce4222733347,0.34240157527146126,1.0028860076359278,0.08390934103822306,0.08250305190541646,0.0014062891328066015,0.16781868207644612,79.69581131654665,30.99189421419584,0.00810578580416177,17.695813173024405,0.30429666265764993,0.97656029848992,4.5453046312844415e-05,0.21414660085636106,0.3158256314006842,1.0127027458469087,0.08712878021113539,0.08591857472841624,0.0012102054827191474,0.17425756042227078,79.6809255615654,30.997897268348503,0.002102731651497436,17.680925686600723,0.319081366962648,0.973813484619817,2.6765668104921696e-05,0.36675286432425325,-0.026575943870777052,0.009816738210980835,0.003219439172912328,0.0034155228229997836,-0.00019608365008745403,0.006438878345824656,-0.014885754981250443,0.006003054152664333,-0.006003054152664333,-0.01488748642368165,0.014784704304998064,-0.0027468138701030043,-1.868737820792272e-05,0.1526062634678922
16,unloading,True,1.0,16,16,8f8fbd5d8024fd21c2430a1a606f882adf57ca1fc2dbd426a6e50243b464744a,4fbd779ddc28b8fc629826d8897b1caa3b77fd9655c1dc331dada7ee671ac8c3,0.27799065440387155,0.9963722332629296,0.04891031874646817,0.04759934012118463,0.0013109786252835428,0.09782063749293635,79.67474313076897,30.98909608230707,0.010903917692928644,17.67474649419578,0.3254395894832451,0.9772846710836491,7.716752011467458e-05,0.2195135573195441,0.25403207718865656,1.0066727288277548,0.05217902985498521,0.05108459753435984,0.0010944323206253568,0.10435805970997042,79.66005470474295,30.996471249864964,0.003528750135036063,17.66005505729218,0.33996360958920335,0.974284687448981,4.226397651755705e-05,0.39639698322313255,-0.023958577215214993,0.010300495564825263,0.003268711108517036,0.003485257413175208,-0.00021654630465818602,0.006537422217034072,-0.014688426026026491,0.007375167557892581,-0.007375167557892581,-0.014691436903600419,0.014524020105958269,-0.0029999836346681352,-3.4903543597117536e-05,0.17688342590358844
17,unloading,True,0.9,17,17,e2dd8f766261fe665fbfe7e6cac7402ed56c06ae021afe9b910f46e17f71aba5,d66993523146516f3142f3e80f379bd4713e5ea1250c99ceb940ef4a1fb5a030,0.21410064820964006,0.989122995902704,0.01442687578724995,0.013203985443495186,0.0012228903437547646,0.0288537515744999,79.65319748776382,30.985674114176227,0.014325885823772921,17.653203300619282,0.34709827642608965,0.9780220416924449,0.00031428375395141,0.22489437824562697,0.1935033093885151,0.9977776885286319,0.01827595561158541,0.017170155371866582,0.0011058002397188267,0.03655191122317082,79.64021872634169,30.992435918336756,0.007564081663243627,17.64022034807126,0.3598607789223585,0.9748259517576944,0.00014317974368764728,0.3770542080500544,-0.020597338821124966,0.008654692625927884,0.003849079824335461,0.003966169928371396,-0.00011709010403593788,0.007698159648670922,-0.012978761422132834,0.0067618041605292944,-0.0067618041605292944,-0.012982952548021842,0.012762502496268868,-0.0031960899347505123,-0.0001711040102637627,0.15215982980442744
18,unloading,True,0.8,18,18,ed1bb1f289dd80e35770786895994323857058d5bbbea6db3a86d9a076828f16,dc01280ad7a3e88e9bd3fd77f0b951845b65b7ee4c86783e32e9e0bd266ccf83,0.17636000528889856,0.9131725292057239,0.002249784602130437,0.001365356501348154,0.0008844281007822823,0.004499569204260874,79.67533866752281,30.91147400065868,0.08852599934132144,17.67556035502655,0.33651423946877057,0.9798838426295531,0.07545394911799687,0.20348255858969577,0.15421292136397563,0.9321081313981173,0.002528398248076911,0.0015448697952022954,0.0009835284528746163,0.005056796496153822,79.65622999797512,30.92976998868502,0.07023001131497963,17.6563696720443,0.35087044443995274,0.9766142956408002,0.058941923519125944,0.3167709460508822,-0.022147083924922928,0.01893560219239343,0.00027861364594647386,0.0001795132938541414,9.910035209233399e-05,0.0005572272918929477,-0.019108669547691193,0.018295988026341803,-0.018295988026341803,-0.019190682982252127,0.014356204971182174,-0.003269546988752925,-0.016512025598870925,0.11328838746118641
19,unloading,True,0.75,19,19,81aa3061c01f19f6df865902d69d0656881761888447ed69d6d3a2da75f5b8c2,7724f0e212f077d84a85b1e10c94d5ea7cf6d46e3b78e5238ac198dd52cc9bee,0.1640949248279576,0.8580046464988762,0.0016425820141535983,0.0009560541564996166,0.0006865278576539816,0.0032851640283071966,79.69703280113056,30.85663770407092,0.14336229592908012,17.69761347504756,0.3351743896613393,0.9810962667446698,0.13174349772394647,0.18693736534669364,0.14315504454823652,0.8762752007043639,0.0017925848062597,0.0010163240257454326,0.0007762607805142686,0.0035851696125194,79.67882966486202,30.87443161498982,0.12556838501017964,17.679275599936766,0.3448446077390597,0.9780125760947598,0.11578312267406325,0.28297318376527214,-0.020939880279721074,0.018270554205487732,0.00015000279210610162,6.026986924581601e-05,8.973292286028702e-05,0.00030000558421220324,-0.01820313626853931,0.01779391091890048,-0.01779391091890048,-0.01833787511079521,0.00967021807772045,-0.003083690649909987,-0.01596037504988322,0.0960358184185785
20,unloading,True,0.65,20,20,fb8a66aeb9d63467735b1037339d12df321725177f781f8e1984a8245e9dcbb1,a14b36bb82b751183cbea5f539e7ce4624bfbf28d02d2d88668b3bdb885817ce,0.14066594746977815,0.7453059822403468,0.0009863400937205641,0.0005659032885788357,0.00042043680514172857,0.0019726801874411283,79.7409369536784,30.744421078839167,0.2555789211608328,17.742777814630198,0.36391516444243255,0.983562256918774,0.24675905399912793,0.15522081242955155,0.1223870215212154,0.7615196734802417,0.0010482804616604034,0.0005784117386049159,0.0004698687230554886,0.002096560923320807,79.72503595218404,30.76037953224193,0.2396204677580691,17.72665556372057,0.36472345161770353,0.9808769193825753,0.23267693939218734,0.2206216062511479,-0.018278925948562744,0.016213691239894912,6.194036793983932e-05,1.2508450026080145e-05,4.943191791376004e-05,0.00012388073587967863,-0.015901001494356137,0.015958453402763695,-0.015958453402763695,-0.016122250909628377,0.000808287175270983,-0.0026853375361987064,-0.014082114606940588,0.06540079382159636
21,unloading,True,0.5,21,21,371863d34e9bfeb575396dcddaa719748cb12cdf34b040ab402a37bc97c5ecc9,c4b3370a1cd6c0bd81e2f7fa08dcd5b02c21b239bf0dad485b80d15682a5b7d7,0.10700027157114345,0.5737040958820452,0.0005339615966759996,0.00030482369995961037,0.00022913789671638894,0.0010679231933519993,79.80589203278238,30.57325586053378,0.42674413946621925,17.81100507112588,0.4688160230902098,0.987315529580369,0.42153651803724773,0.11189716130175892,0.09289097516604748,0.58628499811431,0.0005546739578690946,0.00030707300439407917,0.00024760095347501547,0.0011093479157381892,79.79379578404995,30.5857421939817,0.4142578060182984,17.79861730400204,0.4627415137230178,0.9852498279297588,0.4101475585716941,0.14590593670658392,-0.014109296405095964,0.012580902232264823,2.0712361193094952e-05,2.2493044344688027e-06,1.846305675862653e-05,4.1424722386189904e-05,-0.012096248732433423,0.012486333447920828,-0.012486333447920828,-0.012387767123840376,-0.006074509367192005,-0.002065701650610152,-0.011388959465553627,0.034008775404825
22,unloading,True,0.25,22,22,6494246ce06dab4e1b8bf818a364bb0a2583739b6b472f50a9e7bd1ee1985ac4,0ca87a8dd0af8054ec7461e2b1038c7abd06b095313a120e306c83a0d9de3363,0.052814392163898945,0.28632555493352496,0.00019157204600621413,0.0001064708937990443,8.510115220716981e-05,0.00038314409201242825,79.9078803501174,30.286226977486873,0.7137730225131271,17.922099502061364,0.7196929606172474,0.9936370938528563,0.7125057408190453,0.05052587712705275,0.04576752431496977,0.2925473353308115,0.00019593915497770315,0.00010634370564070862,8.959544933699453e-05,0.0003918783099554063,79.90209475282974,30.292433493468884,0.7075665065311156,17.916072306743427,0.7143079158095037,0.9926119831572965,0.706357298824618,0.058784472414435573,-0.007046867848929175,0.006221780397286547,4.367108971489026e-06,-1.271881583356807e-07,4.49429712982472e-06,8.734217942978051e-06,-0.005785597287655264,0.006206515982011496,-0.006206515982011496,-0.006027195317937384,-0.005385044807743711,-0.0010251106955597722,-0.006148441994427323,0.008258595287382826
23,unloading,True,0.0,23,23,0a3dd02cf166d3963c8b123aef622c6d8adbc488040beaa825ae96384af55dc1,65c4b80ffe62683a883ccdf0559d1c6f14a013b2dabfa1b4bb9bb2390c64b87f,1.2083582019558206e-24,-6.2153656524766926e-24,-5.149182846763533e-24,-8.515117788021873e-27,-5.140667728975511e-24,1.0298365693527066e-23,80.0,30.0,1.0,18.027756377319946,1.0,1.0,1.0,7.317837465883623e-21,-2.74649812494227e-26,-9.310010185974537e-25,-4.553785362498083e-27,-2.9457611335764292e-28,-4.25920924914044e-27,9.107570724996166e-27,80.0,30.0,1.0,18.027756377319946,1.0,1.0,1.0,1.766606665589285e-24,-1.2358231832052433e-24,5.284364633879239e-24,5.144629061401035e-24,8.22054167466423e-27,5.136408519726371e-24,-1.028925812280207e-23,0.0,0.0,0.0,0.0,0.0,0.0,0.0,-7.316070859218033e-21
