index,original_target_index,leg,is_original_target,bisection_depth,d_mm,q_in_mm,q_out_mm,physical_output_mean_uy_mm,R_input_N,minimum_J,maximum_Hu_per_mm,relative_residual,constraint_residual_mm,relative_global_force_balance,balance_x_N,balance_y_N,maximum_display_displacement_mm,two_sided_normal_magnitude_sum_N,clearance_bottom_mm,clearance_left_mm,lower_body_total_Fx_N,lower_body_total_Fy_N,lower_body_material_Fx_N,lower_body_material_Fy_N,lower_body_regularization_Fx_N,lower_body_regularization_Fy_N,holding_reaction_on_model_Fx_N,holding_reaction_on_model_Fy_N,mirrored_upper_force_Fx_N,mirrored_upper_force_Fy_N,full_workpiece_net_force_Fx_N,full_workpiece_net_force_Fy_N,overlapping_background_holding_reaction_Fx_N,overlapping_background_holding_reaction_Fy_N,holding_partition_workpiece_Fx_N,holding_partition_workpiece_Fy_N,holding_partition_support_Fx_N,holding_partition_support_Fy_N,holding_partition_entity_symmetry_Fx_N,holding_partition_entity_symmetry_Fy_N,holding_partition_background_symmetry_Fx_N,holding_partition_background_symmetry_Fy_N,fixed_body_max_abs_F_minus_I,fixed_body_max_abs_J_minus_1,fixed_body_max_abs_Hu_per_mm,fixed_body_max_abs_first_piola_MPa,fixed_body_max_abs_local_force_N,input_node_3078_ux_mm,input_node_3159_ux_mm,input_node_3240_ux_mm
0,0,origin,True,0,0.0,0.0,0.0,0.0,0.0,1.0,0.0,0.0,0.0,0.0,0.0,0.0,0.0,0.0,2.0,2.0,0.0,0.0,0.0,0.0,0.0,0.0,0.0,0.0,0.0,-0.0,0.0,0.0,0.0,0.0,0.0,0.0,0.0,0.0,0.0,0.0,0.0,0.0,0.0,0.0,0.0,0.0,0.0,0.0,0.0,0.0
1,1,loading,True,0,0.5,0.5,0.5757557122933089,0.5757557122933089,0.10625324798554087,0.7357647741129798,0.06250996767689611,4.271025552015961e-13,2.7755575615628914e-17,2.817906890730033e-16,8.678093750486927e-17,-7.351398949220073e-18,0.7967065508455972,0.0002683666271272298,1.477624456079269,2.206238808736721,-0.00015041241380519055,0.0001341833135636149,-3.947677569365762e-05,8.797781521271886e-05,-0.00011093563811153294,4.620549835089602e-05,0.00015041241380519055,-0.0001341833135636149,-0.00015041241380519055,-0.0001341833135636149,-0.0003008248276103811,0.0,0.0,1.0303696331952397e-05,0.00015041241380519055,-0.0001341833135636149,-0.10640366039934597,-0.027837952819052634,0.0,0.027898981015811977,0.0,7.315511680423898e-05,0.0,0.0,0.0,0.0,0.0,0.49463666272074425,0.5011482777335841,0.5030667818120877
2,2,loading,True,0,1.0,1.0,1.1593550557643815,1.1593550557643815,0.21681399693311496,0.45818916421336087,0.1636385866576149,4.0777244521740007e-13,-5.551115123125783e-17,1.2416821240296939e-15,4.350477022383844e-17,7.721992804302774e-16,1.5922697288276755,0.0006964816992248033,0.9487686114012917,2.440586262977611,-0.0003042966617286106,0.00034824084961240163,-8.425220204178354e-05,0.0002455603701522514,-0.000220044459686827,0.00010268047946014987,0.0003042966617286106,-0.00034824084961240163,-0.0003042966617286106,-0.00034824084961240163,-0.0006085933234572212,0.0,0.0,1.8476331260028757e-05,0.0003042966617286106,-0.00034824084961240163,-0.21711829359484355,-0.0544458402221922,0.0,0.05465353877491636,0.0,0.0001405422968890582,0.0,0.0,0.0,0.0,0.0,0.9891524440789514,1.0023244971142513,1.0061985616925457
3,3,loading,True,0,1.5,1.5,1.7476327690686049,1.7476327690686049,0.33317849323421816,0.16867821878132877,0.33392826834409484,4.274961564371853e-13,0.0,2.7394205633981408e-15,-1.3062410864079214e-15,2.229255191901758e-15,2.3853164371595783,0.0019615302231130913,0.41637603593684247,2.700994461573245,-0.0004918744882668527,0.0009807651115565457,-0.00014797723450186282,0.0007019574934630576,-0.00034389725376498994,0.00027880761809348753,0.0004918744882668527,-0.0009807651115565457,-0.0004918744882668527,-0.0009807651115565457,-0.0009837489765337055,0.0,0.0,2.6483557358239772e-05,0.0004918744882668527,-0.0009807651115565457,-0.3336703677224864,-0.08022734478414886,0.0,0.08100687718331542,0.0,0.00020123271239214224,0.0,0.0,0.0,0.0,0.0,1.4835086065792114,1.5035378096840022,1.5094157740527843
4,4,loading,True,0,1.75,1.75,2.0346869443877553,2.0346869443877553,0.3969477463933483,0.02808043969551585,0.4698093969993863,1.777783822012535e-12,5.551115123125783e-17,1.1447294299998902e-13,1.1428962617743071e-15,-1.2694755525109215e-13,2.772376810150279,0.0075785715626385235,0.15697989627986786,2.8357821103637946,-0.0007910899872955321,0.0037892857813192618,-0.0003137551201961619,0.0023430611778208557,-0.00047733486709937006,0.0014462246034984065,0.0007910899872955321,-0.0037892857813192618,-0.0007910899872955321,-0.0037892857813192618,-0.0015821799745910643,0.0,0.0,3.20911105874304e-05,0.0007910899872955321,-0.0037892857813192618,-0.3977388363806426,-0.0939301792399972,0.0,0.09749200471583763,0.0,0.0002274603053518298,0.0,0.0,0.0,0.0,0.0,1.730541807611425,1.7541787859653013,1.7611006204579727
5,5,loading,True,0,1.8,1.8,2.0801936302074755,2.0801936302074755,0.4143944688589932,0.006620898752352695,0.4887397080090192,1.1029390043928126e-10,0.0,4.1656279911081e-11,5.1456433259461534e-12,-4.7483960123259616e-11,2.8372211832232472,0.016254031299959767,0.11601410729835138,2.8565891753758876,-0.0012160325586449507,0.008127015649979884,-0.0006486496824310876,0.005528806840212045,-0.0005673828762138631,0.002598208809767841,0.0012160325586449507,-0.008127015649979884,-0.0012160325586449507,-0.008127015649979884,-0.0024320651172899015,0.0,0.0,3.401803360376027e-05,0.0012160325586449507,-0.008127015649979884,-0.4156105014124925,-0.09821607989687918,0.0,0.10611158723435449,0.0,0.00023150826502091448,0.0,0.0,0.0,0.0,0.0,1.7798319862164416,1.804334993311358,1.8114980271608427
6,6,unloading,True,0,1.75,1.75,2.034686944411874,2.034686944411874,0.39694774638428726,0.02808043964547206,0.4698093972996028,4.701033332703687e-11,0.0,7.134568359778899e-12,4.883376075830617e-13,-7.897289762512794e-12,2.7723768101756,0.007578571561784927,0.15697989625763853,2.835782110377494,-0.0007910899870369857,0.0037892857808924634,-0.0003137551204872661,0.0023430611816030946,-0.00047733486654971956,0.001446224599289369,0.0007910899870369857,-0.0037892857808924634,-0.0007910899870369857,-0.0037892857808924634,-0.0015821799740739714,0.0,0.0,3.209111058323441e-05,0.0007910899870369857,-0.0037892857808924634,-0.39773883637083596,-0.09393017923680506,0.0,0.09749200470444638,0.0,0.00022746030535398886,0.0,0.0,0.0,0.0,0.0,1.7305418076116483,1.7541787859652473,1.761100620457857
7,7,unloading,True,0,1.5,1.5,1.747632769068606,1.747632769068606,0.3331784932342177,0.16867821878131647,0.33392826834357653,4.2079801692153276e-13,0.0,6.107449813151144e-16,-8.580274349096612e-17,-5.696161045013609e-16,2.3853164371595796,0.0019615302231163843,0.41637603593684247,2.700994461573245,-0.0004918744882680522,0.0009807651115581921,-0.00014797723450193153,0.0007019574934631589,-0.00034389725376612066,0.00027880761809503403,0.0004918744882680522,-0.0009807651115581921,-0.0004918744882680522,-0.0009807651115581921,-0.0009837489765361044,0.0,0.0,2.6483557358258278e-05,0.0004918744882680522,-0.0009807651115581921,-0.3336703677224859,-0.08022734478414872,0.0,0.08100687718331434,0.0,0.00020123271239211432,0.0,0.0,0.0,0.0,0.0,1.4835086065792114,1.5035378096840022,1.5094157740527843
8,8,unloading,True,0,1.0,1.0,1.1593550557643608,1.1593550557643608,0.21681399693312148,0.4581891642135598,0.1636385866562689,6.841582448029061e-13,2.7755575615628914e-17,1.854995457372951e-14,-1.0934391203766163e-14,3.734276885110355e-15,1.5922697288276575,0.000696481699209893,0.9487686114013094,2.4405862629775825,-0.0003042966617317107,0.0003482408496049465,-8.425220204112602e-05,0.0002455603701516238,-0.00022004445969058467,0.00010268047945332279,0.0003042966617317107,-0.0003482408496049465,-0.0003042966617317107,-0.0003482408496049465,-0.0006085933234634214,0.0,0.0,1.8476331259942017e-05,0.0003042966617317107,-0.0003482408496049465,-0.21711829359486418,-0.054445840222198845,0.0,0.05465353877491831,0.0,0.00014054229688920637,0.0,0.0,0.0,0.0,0.0,0.9891524440789513,1.0023244971142515,1.0061985616925457
9,9,unloading,True,0,0.5,0.5,0.5757557122933088,0.5757557122933088,0.10625324798554082,0.7357647741129801,0.06250996767691602,4.3206157846671746e-13,2.7755575615628914e-17,8.995829824604421e-17,2.778838821616767e-17,-9.012430558785756e-19,0.7967065508455972,0.00026836662712721406,1.477624456079269,2.206238808736721,-0.00015041241380519635,0.00013418331356360703,-3.9476775693657465e-05,8.797781521271782e-05,-0.00011093563811153889,4.620549835088921e-05,0.00015041241380519635,-0.00013418331356360703,-0.00015041241380519635,-0.00013418331356360703,-0.0003008248276103927,0.0,0.0,1.0303696331952807e-05,0.00015041241380519635,-0.00013418331356360703,-0.106403660399346,-0.027837952819052634,0.0,0.027898981015812015,0.0,7.315511680423806e-05,0.0,0.0,0.0,0.0,0.0,0.49463666272074425,0.5011482777335841,0.5030667818120877
10,10,unloading,False,1,0.25,0.25,0.2868179106103129,0.2868179106103129,0.052636335379589574,0.86854808490744,0.027647837907243948,4.0780725654123027e-13,-1.3877787807814457e-17,1.8088410176719995e-15,-1.7781140621888887e-18,2.7856033723173274e-16,0.3985227800707411,0.0001240803448624946,1.7396969497613703,2.0995522474349926,-7.538677648143018e-05,6.20401724312473e-05,-1.9204835813806293e-05,3.893064856741557e-05,-5.6181940667623875e-05,2.310952386383173e-05,7.538677648143018e-05,-6.20401724312473e-05,-7.538677648143018e-05,-6.20401724312473e-05,-0.00015077355296286036,0.0,0.0,5.55362547722509e-06,7.538677648143018e-05,-6.20401724312473e-05,-0.05271172215607102,-0.014084143738311196,0.0,0.014108936927540446,0.0,3.724698320227877e-05,0.0,0.0,0.0,0.0,0.0,0.24733216690198273,0.250570943983078,0.2515259451318612
11,10,unloading,True,1,0.0,0.0,1.887930696020748e-22,1.887930696020748e-22,-1.060544096108149e-22,1.0,2.0118091110759116e-20,7.599784438403585e-10,0.0,1.6757455194037565e-10,3.341841331620025e-23,-2.541430649912693e-24,3.0232885689266874e-20,2.2496255438954617e-24,2.0,2.0,-2.580222315182282e-23,1.1248127719477308e-24,-2.792907692370406e-24,1.143825303852308e-24,-2.3009315459452414e-23,-1.9012531904577415e-26,2.580222315182282e-23,-1.1248127719477308e-24,-2.580222315182282e-23,-1.1248127719477308e-24,-5.160444630364564e-23,0.0,0.0,-5.060435695123393e-25,2.580222315182282e-23,-1.1248127719477308e-24,1.136705997751923e-22,4.0864575008137516e-23,0.0,-4.32334374846223e-23,0.0,9.522445985198198e-25,0.0,0.0,0.0,0.0,0.0,2.737158014499658e-24,-6.650223648757965e-25,-1.407113284748065e-24
