edge_index,endpoint,node_id,reference_x_mm,reference_y_mm,actual_x_mm,actual_y_mm,solid_cell,saved_Green_min,saved_Green_max
0,0,2493,63.0,30.0,62.201828120207956,30.429415920632287,2383,-0.0010904466651219516,0.0003183508671919067
0,1,2494,64.0,30.0,63.196391115975445,30.522726312367293,2383,-0.0010904466651219516,0.0003183508671919067
1,0,2494,64.0,30.0,63.196391115975445,30.522726312367293,2384,-0.0014869265719287602,0.0007589892886943326
1,1,2495,65.0,30.0,64.19056512151502,30.616569330607838,2384,-0.0014869265719287602,0.0007589892886943326
2,0,2495,65.0,30.0,64.19056512151502,30.616569330607838,2385,-0.0016447270116211696,0.0006677962482500202
2,1,2496,66.0,30.0,65.18441307425057,30.711870255402417,2385,-0.0016447270116211696,0.0006677962482500202
3,0,2496,66.0,30.0,65.18441307425057,30.711870255402417,2386,-0.0015634631921111596,0.0008491753026702244
3,1,2497,67.0,30.0,66.17827001347514,30.808808337103816,2386,-0.0015634631921111596,0.0008491753026702244
4,0,2497,67.0,30.0,66.17827001347514,30.808808337103816,2387,-0.0011515230575103222,0.0006098072998906393
4,1,2498,68.0,30.0,67.17241710059247,30.907007944326864,2387,-0.0011515230575103222,0.0006098072998906393
5,0,2498,68.0,30.0,67.17241710059247,30.907007944326864,2388,-0.0007584155322973176,0.0004652485483270035
5,1,2499,69.0,30.0,68.16685866261855,31.0060055099245,2388,-0.0007584155322973176,0.0004652485483270035
6,0,2499,69.0,30.0,68.16685866261855,31.0060055099245,2389,-0.0003972329499401126,0.00031820731123653235
6,1,2500,70.0,30.0,69.16160951533134,31.105443613680237,2389,-0.0003972329499401126,0.00031820731123653235
7,0,2500,70.0,30.0,69.16160951533134,31.105443613680237,2390,-0.00023595493215352285,0.0001876912120901989
7,1,2501,71.0,30.0,70.1566781037111,31.204975379271122,2390,-0.00023595493215352285,0.0001876912120901989
8,0,2501,71.0,30.0,70.1566781037111,31.204975379271122,2391,-0.00031748902280941675,0.00043572184218701443
8,1,2502,72.0,30.0,71.15206435450153,31.30428054204423,2391,-0.00031748902280941675,0.00043572184218701443
9,0,2502,72.0,30.0,71.15206435450153,31.30428054204423,2392,-0.0003778688679924177,0.0006797839884015906
9,1,2503,73.0,30.0,72.14775559584778,31.40307543333311,2392,-0.0003778688679924177,0.0006797839884015906
10,0,2503,73.0,30.0,72.14775559584778,31.40307543333311,2393,-0.0004451541096802962,0.0008762651838970747
10,1,2504,74.0,30.0,73.1437370181776,31.50108515126221,2393,-0.0004451541096802962,0.0008762651838970747
11,0,2504,74.0,30.0,73.1437370181776,31.50108515126221,2394,-0.00028692599248889147,0.0008797970485450146
11,1,2505,75.0,30.0,74.13986479249353,31.598117905925516,2394,-0.00028692599248889147,0.0008797970485450146
12,0,2505,75.0,30.0,74.13986479249353,31.598117905925516,2395,-0.0004196117201229579,0.0008007405881197413
12,1,2506,76.0,30.0,75.13596527722225,31.694205343942443,2395,-0.0004196117201229579,0.0008007405881197413
13,0,2506,76.0,30.0,75.13596527722225,31.694205343942443,2396,-0.000331180185663655,0.0005414407386811051
13,1,2507,77.0,30.0,76.1318579295958,31.78964505597345,2396,-0.000331180185663655,0.0005414407386811051
14,0,2507,77.0,30.0,76.1318579295958,31.78964505597345,2397,-0.000934043651391484,0.0006268221865056753
14,1,2508,78.0,30.0,77.12754412999409,31.88398589270165,2397,-0.000934043651391484,0.0006268221865056753
15,0,2508,78.0,30.0,77.12754412999409,31.88398589270165,2398,-0.0007904968870353183,0.00030315902082913855
15,1,2509,79.0,30.0,78.12299325732214,31.98008226830101,2398,-0.0007904968870353183,0.00030315902082913855
16,0,2509,79.0,30.0,78.12299325732214,31.98008226830101,2399,-0.0002240352994894682,0.00014544460117945452
16,1,2510,80.0,30.0,79.11853779335102,32.075436070881956,2399,-0.0002240352994894682,0.00014544460117945452
