accepted_index,original_target_index,leg,d_mm,state_sha256,geometry_valid,raw_interior_overlap,strict_interior_overlap,roundoff_ambiguous,candidate_cell_pairs,closed_boundary_min_distance_mm,closed_boundary_intersects,bottom_first_ray_mm,bottom_no_hit,bottom_minimum_hit_count,bottom_near_minimum_hit_count,bottom_corner_hit,bottom_near_corner_hit,bottom_witness_residual_mm,bottom_raw_reconstructed_normal_projection_mm,bottom_face_parameter,bottom_face_x_mm,bottom_face_y_mm,bottom_edge_x_mm,bottom_edge_y_mm,left_first_ray_mm,left_no_hit,left_minimum_hit_count,left_near_minimum_hit_count,left_corner_hit,left_near_corner_hit,left_witness_residual_mm,left_raw_reconstructed_normal_projection_mm,left_face_parameter,left_face_x_mm,left_face_y_mm,left_edge_x_mm,left_edge_y_mm
0,0,origin,0.0,26d76fa997d7fc33a9ff6a4b606fc4f31e3f1c0753050e330d97c92565c2bbe2,True,False,False,False,0,2.0,False,2.0,False,18,0,True,False,0.0,2.0,0.0,62.0,32.0,62.0,30.0,2.0,False,9,0,True,False,0.0,2.0,0.0,62.0,32.0,60.0,32.0
1,1,loading,0.5,76e4112e43871de62a7a3e1ea79827dfb5cf945ab7512803685046f0cd376c28,True,False,False,False,0,1.4719359640452387,False,1.4724537537831468,False,1,0,True,False,8.881784197001252e-16,1.4724537537831468,1.0,78.0,32.0,78.0,30.527546246216854,2.206013204763787,False,1,0,True,False,1.7763568394002505e-15,2.206013204763787,0.0,62.0,32.0,59.793986795236215,32.0
2,2,loading,1.0,79bd847ce8fd33c00d5f35204999ba0060c18022a07bf2b2aca637e60549c367,True,False,False,False,0,0.924425179299309,False,0.9257445243117912,False,1,0,True,False,8.881784197001252e-16,0.9257445243117912,1.0,78.0,32.0,78.0,31.074255475688208,2.4396496320556738,False,1,0,True,False,2.6645352591003757e-15,2.4396496320556738,0.0,62.0,32.0,59.560350367944324,32.0
3,3,loading,1.5,10cc3f7fd3406eef1caf910e80e4a74e22340cba112d7fd8abee4226e42eabd4,True,False,False,False,0,0.35823198220719793,False,0.3593983674624708,False,1,0,True,False,8.881784197001252e-16,0.3593983674624708,1.0,78.0,32.0,78.0,31.64060163253753,2.6988103586642143,False,1,0,True,False,3.1086244689504383e-15,2.6988103586642143,0.0,62.0,32.0,59.30118964133579,32.0
4,4,loading,1.75,dfc83d4510b22ca97a914b72fb593c140d1e542255cf2054836705b555bf2558,True,False,False,False,0,0.0763716163872367,False,0.07671066678990902,False,1,0,True,False,1.6514567491299204e-15,0.07671066678990902,1.0,78.0,32.0,78.0,31.92328933321009,2.8327754289207783,False,1,0,True,False,2.220446049250313e-15,2.8327754289207783,0.0,62.0,32.0,59.167224571079224,32.0
5,5,loading,1.8,36ca9da8fc329a3d8b4b2a79b38c26f33458397a2c03a9bd293f207733bfbffe,True,False,False,False,0,0.03164386665647688,False,0.03179097155358783,False,1,0,True,False,9.298117831235686e-16,0.03179097155358783,1.0,78.0,32.0,78.0,31.968209028446413,2.853430572807153,False,1,0,True,False,2.6645352591003757e-15,2.853430572807153,0.0,62.0,32.0,59.146569427192844,32.0
6,6,unloading,1.75,cf79297f86d867db8318f47bba9f65ea072b8a99ee457d8e5a38642de0315d2f,True,False,False,False,0,0.07637161636273497,False,0.07671066676530505,False,1,0,True,False,4.718447854656915e-16,0.07671066676530505,1.0,78.0,32.0,78.0,31.923289333234695,2.832775428934413,False,1,0,True,False,1.7763568394002505e-15,2.832775428934413,0.0,62.0,32.0,59.16722457106559,32.0
7,7,unloading,1.5,6cbe49f8ce9371c0d7b579a88613a836838e777adb38fe93579c95f9a4ea2ba9,True,False,False,False,0,0.35823198220719793,False,0.3593983674624708,False,1,0,True,False,8.881784197001252e-16,0.3593983674624708,1.0,78.0,32.0,78.0,31.64060163253753,2.6988103586642143,False,1,0,True,False,3.1086244689504383e-15,2.6988103586642143,0.0,62.0,32.0,59.30118964133579,32.0
8,8,unloading,1.0,7d421c0e76944f949ba32160b67f24a50df8bbd77bf84bbb16c257dccb420b99,True,False,False,False,0,0.9244251792993268,False,0.9257445243118104,False,1,0,True,False,5.551115123125783e-16,0.9257445243118104,1.0,78.0,32.0,78.0,31.07425547568819,2.439649632055646,False,1,0,True,False,2.220446049250313e-15,2.439649632055646,0.0,62.0,32.0,59.56035036794435,32.0
9,9,unloading,0.5,19c273312df4e1cb042a71e4e24ebfe180c177c7d0dada5d1ab148841e9ea69a,True,False,False,False,0,1.4719359640452387,False,1.4724537537831468,False,1,0,True,False,8.881784197001252e-16,1.4724537537831468,1.0,78.0,32.0,78.0,30.527546246216854,2.206013204763787,False,1,0,True,False,1.7763568394002505e-15,2.206013204763787,0.0,62.0,32.0,59.793986795236215,32.0
10,10,unloading,0.25,d40d5a72d83a8c742a7b1754d50684aaf6dfcbe86277ed516efa0dff6fd4ad2b,True,False,False,False,0,1.7383251506175954,False,1.7384769550914145,False,1,0,True,False,2.220446049250313e-16,1.7384769550914145,1.0,78.0,32.0,78.0,30.261523044908586,2.099496892546664,False,1,0,True,False,3.1086244689504383e-15,2.099496892546664,0.0,62.0,32.0,59.90050310745334,32.0
11,10,unloading,0.0,e35137987f6a421a5166b049290dd800578b5cbdb9943094c410d7cdaaa05039,True,False,False,False,0,2.0,False,2.0,False,18,0,True,False,0.0,2.0,0.0,62.0,32.0,62.0,30.0,2.0,False,9,0,True,False,0.0,2.0,0.0,62.0,32.0,60.0,32.0
