leg,original_target_index,d_mm,gamma1e6_index,gamma5em7_index,gamma1e6_state_sha256,gamma5em7_state_sha256,gamma1e6_R_input_N,gamma5em7_R_input_N,delta_R_input_N,gamma1e6_total_body_Fy_N,gamma5em7_total_body_Fy_N,delta_total_body_Fy_N,gamma1e6_material_body_Fy_N,gamma5em7_material_body_Fy_N,delta_material_body_Fy_N,gamma1e6_regularization_body_Fy_N,gamma5em7_regularization_body_Fy_N,delta_regularization_body_Fy_N,gamma1e6_tip_to_bottom_mm,gamma5em7_tip_to_bottom_mm,delta_tip_to_bottom_mm,gamma1e6_medium_min_J,gamma5em7_medium_min_J,delta_medium_min_J,gamma1e6_medium_max_abs_Hu_per_mm,gamma5em7_medium_max_abs_Hu_per_mm,delta_medium_max_abs_Hu_per_mm,gamma1e6_bottom_gap_um,gamma5em7_bottom_gap_um
origin,0,0.0,0,0,26d76fa997d7fc33a9ff6a4b606fc4f31e3f1c0753050e330d97c92565c2bbe2,26d76fa997d7fc33a9ff6a4b606fc4f31e3f1c0753050e330d97c92565c2bbe2,0.0,0.0,0.0,0.0,0.0,0.0,0.0,0.0,0.0,0.0,0.0,0.0,1.0,1.0,0.0,1.0,1.0,0.0,0.0,0.0,0.0,1000.0,1000.0
loading,1,0.25,1,1,3ad73e9617fd7206a5aa2c79873e83449a80314cd4f3df4a0565afb9bd456355,f5c2c7b93e99e659b5e8b58e3b8edf4b52f2f8b1926d5ff7fe5af17d4c2851e8,0.0527656374990312,0.05270972711450959,-5.591038452161523e-05,0.00015064217902286897,0.00010017140258282496,-5.047077644004401e-05,0.00010048302812347739,5.0272038679109356e-05,-5.0210989444368034e-05,5.015915089939156e-05,4.9899363903715603e-05,-2.59786995675956e-07,0.7136410297356548,0.7135081147438918,-0.00013291499176304455,0.7123699817624852,0.7122353814321066,-0.0001346003303785981,0.05055972111718873,0.050729697710349624,0.0001699765931608907,713.6410297356548,713.5081147438917
loading,2,0.5,2,2,67508ec6f6cc96c811dba7df9d7775ab820ba44b84941e7c68433e1401176884,d16fd3786a8ad4556c052e0479d9eb0072d1b193be81096144c405f439723b34,0.10683175175737766,0.10667994735943305,-0.0001518043979446132,0.00038737341914691904,0.0002452287555153451,-0.00014214466363157393,0.00028347079546870525,0.00014191671746121656,-0.00014155407800748869,0.00010390262367821379,0.00010331203805412841,-5.905856240853778e-07,0.4262911043872819,0.4259221589806863,-0.00036894540659559993,0.42106514379263205,0.4206876852579288,-0.0003774585347032233,0.11203135086568412,0.11267778423339288,0.0006464333677087541,426.2911043872819,425.9221589806863
loading,3,0.65,3,3,e3cd104b8d581abeaaab672c8f8c0d9b8d254d359f42bc16cdf88be73a3016ba,bb713b50168746ed348ee39b35e6a353ccd529e47b98d31de222445cfd7c6ae2,0.14029943231214842,0.14002904040532982,-0.00027039190681860115,0.0006561764376580178,0.0003972518524279495,-0.00025892458523006824,0.0005176191258776475,0.00025951840391310357,-0.0002581007219645439,0.0001385573117803702,0.00013773344851484702,-8.238632655231681e-07,0.25460362907636735,0.2539362574729118,-0.0006673716034555355,0.245738399811778,0.24505188839710032,-0.0006865114146776818,0.15553702079440396,0.1566895629226121,0.001152542128208145,254.60362907636735,253.93625747291182
loading,4,0.75,4,4,a9757bdb875321f28dd5496e1393e8335722094fb58dc21f41197469a23d8085,2737319de6d9bae8d84135ee5abfb4fbe15eac973da5e9c0d6c2a90e78f5cb68,0.1634446991467438,0.1629986724322331,-0.0004460267145107166,0.0010301420259376279,0.00059834046568452,-0.0004318015602531079,0.0008673162123393125,0.00043646879235820457,-0.00043084741998110793,0.00016282581359831634,0.00016187167332631501,-9.541402720013217e-07,0.1416601275649576,0.1405458429773141,-0.0011142845876435103,0.12995849660427808,0.12880849540700048,-0.0011500011972775948,0.18751320173633518,0.1891658562222323,0.0016526544858971315,141.6601275649576,140.5458429773141
loading,5,0.8,5,5,d108c7994243ff0f1f3b9db93987f390efb63b7c89fa8d8756d7913011ced688,3e84fc2748c4f9b24ad0962e7f0049b23a145ce2bc5c40e836a132aba8872d3f,0.17551732010896295,0.17487881734418137,-0.0006385027647815844,0.0014265981442544028,0.0008083971955433721,-0.0006182009487110307,0.001251361427391764,0.0006341188641455336,-0.0006172425632462304,0.0001752367168626383,0.0001742783313978379,-9.583854648003917e-07,0.08635203128000413,0.08474417818643332,-0.0016078530935708102,0.07317433143870658,0.0715118123319337,-0.0016625191067728834,0.2042210383440586,0.2062491619323547,0.002028123588296099,86.35203128000413,84.74417818643332
loading,6,0.85,6,6,ed58ec2aa6ae438a18d568e490d43675b73cc6876c1dd6114ba8117a7a320b2b,479581b9b216ca62fdc31b3698397796d95e669135c015d27802c84b579b2227,0.1885981882008302,0.187453146850213,-0.0011450413506172152,0.002524230732696866,0.001429524766878677,-0.001094705965818189,0.002336818496477912,0.0012428589533578505,-0.0010939595431200613,0.00018741223621895393,0.0001866658135208255,-7.464226981284349e-07,0.033630163073407715,0.030708387185597985,-0.00292177588780973,0.019048734479979026,0.016016795316414457,-0.003031939163564569,0.22070777680011014,0.22345208486609883,0.0027443080659886876,33.630163073407715,30.708387185597985
loading,7,0.9,7,7,8af2223478749a88953651cafea5d209299efb9bd8db97ded137c688364dbe07,8341ee1dab4cfe117ff415736604f90e7667c954e63b04a4b8952aa07674522f,0.21398481106747358,0.21379121192645872,-0.0001935991410148552,0.014119819724889016,0.013809546298020687,-0.0003102734268683287,0.013928151960136498,0.01361928183879349,-0.00030887012134300784,0.00019166776475251332,0.00019026445922719484,-1.4033055253184778e-06,0.014258808910454945,0.0140121346684694,-0.000246674241985545,0.00028784276636346055,0.00013329766939955252,-0.00015454509696390803,0.2247503125493602,0.22651875386475168,0.0017684413153914724,14.258808910454945,14.0121346684694
loading,8,0.95,8,8,a2b51f2f9968ab13e8f40982230f67a6e4d942281165585b3e63082422b28a37,26f35b09a9fda320af7d73cea6360d926fc1ccc90a7b936c5c4cc7e0c31ae56b,0.24585270337305118,0.24568319229691546,-0.00016951107613571992,0.03128009461004575,0.030984005810285504,-0.0002960887997602475,0.03108849830643985,0.030793821836695746,-0.0002946764697441019,0.00019159630360590505,0.0001901839735897528,-1.4123300161522428e-06,0.012445516204159901,0.012283399585196975,-0.0001621166189629264,0.00011775443300655421,5.870458209171379e-05,-5.9049850914840417e-05,0.22205798351607742,0.22378453930198966,0.0017265557859122427,12.445516204159901,12.283399585196975
loading,9,1.0,9,9,d8461b934ef812fca1b56a5e1ee2bbe76e8709aeea8607dfcd2d349a77075c10,acca61f4a5b36e3eafc559841855ca0c069c84c583c069a377f432922176783f,0.27787973649983966,0.2777082674551031,-0.00017146904473658298,0.048593120363483025,0.04828855541711173,-0.00030456494637129405,0.04840173097969575,0.048098569500800686,-0.00030316147889506567,0.00019138938378727345,0.0001899859163110406,-1.403467476232854e-06,0.010863935958067117,0.01071667665022602,-0.00014725930784109664,7.552383766617929e-05,3.82894249005795e-05,-3.7234412765599786e-05,0.21934146346936884,0.221055310743294,0.001713847273925151,10.863935958067117,10.71667665022602
loading,10,1.05,10,10,73bac38d7d097c3ad47e790b0cda2eb9f58bcc8a46e7454ee5fef361b7392bd8,c7cb6d37035a737338c9c7c315be22bf0a26d4b11a666a9c01a78a7b12971081,0.3100272010509318,0.30984812413073226,-0.00017907692019952792,0.06602646202080882,0.06570781344639852,-0.0003186485744103018,0.06583538912318232,0.06551813089804345,-0.0003172582251388667,0.00019107289762650275,0.00018968254835506716,-1.3903492714355974e-06,0.009411590210163467,0.009266801498483801,-0.00014478871167966645,5.6088872849205974e-05,2.861868631120691e-05,-2.7470186537999063e-05,0.2166385560972907,0.2183472934509052,0.0017087373536144868,9.411590210163467,9.266801498483801
loading,11,1.1,11,11,2b78843a5e120edfef48dfdc0dc61e0a95d37c00f7c17e8615218c8476c5bf9c,f62473a4e49e2ca0116b235b026e23dafb9986c5f705c41b1c8f081966ddfb66,0.3422875340896892,0.34209733117301677,-0.00019020291667243283,0.08357431222319824,0.08323753072021954,-0.0003367815029786947,0.08338366004318419,0.08304825296666071,-0.0003354070765234779,0.00019065218001404973,0.0001892777535588256,-1.3744264552241383e-06,0.008071125145573177,0.00792338164130868,-0.000147743504264497,4.485794657407261e-05,2.2946493372831386e-05,-2.1911453201241225e-05,0.21395336288174982,0.21566265501232873,0.00170929213057891,8.071125145573177,7.92338164130868
loading,12,1.15,12,12,337a9ce55877b29547ea31054d6153172109d41c021eb391690936ed62582b91,510461c38e2d09b36ccf797606ace57de37785dfe15652e6b8dd74e215233a40,0.3746573554420081,0.3744525313148964,-0.0002048241271117024,0.10123465458460731,0.10087537631188018,-0.0003592782727271371,0.10104452468648538,0.10068660215981552,-0.00035792252666985713,0.00019012989812192878,0.00018877415206466807,-1.355746057260705e-06,0.0068354355361393004,0.00668087244167026,-0.00015456309446904015,3.7535780291668205e-05,1.921049287411779e-05,-1.8325287417550414e-05,0.21128507862464763,0.21300107458125306,0.0017159959566054317,6.8354355361393,6.68087244167026
loading,13,1.2,13,13,6a38cf42a6b00b512354f512b5c3a184188c3c499bb10e36c5b46c45595c6178,33c743fb08ed7361b532d4aea920ef88578229a747b2d6a1e54b05f15a0b6f10,0.40713527726967946,0.40691156314535587,-0.00022371412432359294,0.11900757232984849,0.11862031155058476,-0.0003872607792637234,0.11881806481831451,0.11843213787364379,-0.0003859269446707253,0.00018950751153397826,0.00018817367694097816,-1.3338345930001062e-06,0.005700752324191427,0.005535554895001127,-0.00016519742919030023,3.2398412736436354e-05,1.6565460863402116e-05,-1.5832951873034238e-05,0.2086300295268182,0.21036047755531087,0.001730448028492676,5.700752324191427,5.535554895001127
unloading,14,1.15,14,14,06b4ac3bc2cf20111b0b0353af75ed46c38ffd35bc1641380d00e18fe6f5e2f7,a0339e73038e29fd80b01b98875e325d3b9906be5c5bae21aafcbf87a749d4a3,0.3746573554420097,0.37445253131489575,-0.00020482412711392284,0.10123465457169242,0.1008753763202887,-0.0003592782514037218,0.10104452467357049,0.10068660216822403,-0.00035792250534645575,0.00019012989812192775,0.00018877415206466845,-1.3557460572592955e-06,0.006835435536146406,0.00668087244167026,-0.00015456309447614558,3.7535780296429974e-05,1.921049287258025e-05,-1.8325287423849723e-05,0.21128507862464596,0.2130010745812536,0.0017159959566076521,6.835435536146406,6.68087244167026
unloading,15,1.1,15,15,da03cc841695ac93d129ffbfc3c54f3172965b46963503023b37ebe804f7e2ea,dc37c664680c13cc79b71e19e2d358309fe80bb7117929b5acf62b7fd2b25ae3,0.34228753408966917,0.3420973311730175,-0.00019020291665167166,0.08357431233707467,0.08323753071169569,-0.00033678162537897904,0.0833836601570606,0.08304825295813688,-0.0003354071989237206,0.00019065218001406285,0.00018927775355882516,-1.3744264552376908e-06,0.008071125145516334,0.007923381641312233,-0.00014774350420410087,4.485794651313862e-05,2.2946493375089247e-05,-2.1911453138049372e-05,0.21395336288177141,0.2156626550123279,0.0017092921305564834,8.071125145516334,7.923381641312233
unloading,16,1.0,16,16,10db084724191129af37fb65d91ad23f27b619cb93599ad4a8c10df3fe8a0d49,128bd5a521014bc55b3051444744a3ca2139145d9baa07b0db5b858b54ebb37b,0.27787973649983594,0.2777082674551177,-0.0001714690447182643,0.04859312037025968,0.04828855536193299,-0.0003045650083266932,0.0484017309864724,0.04809856944562196,-0.000303161540850444,0.00019138938378727578,0.00018998591631103092,-1.4034674762448615e-06,0.010863935958060011,0.010716676650268653,-0.00014725930779135865,7.552383765540315e-05,3.828942494311529e-05,-3.723441271228786e-05,0.21934146346937272,0.22105531074327844,0.001713847273905722,10.863935958060011,10.716676650268653
unloading,17,0.9,17,17,be174b7af997abd607924ed3844c8fdb43bf6b357c06fbacd4fe20903e3f416a,de92c06d6d9bf98deee407c58dbba8e1de603d55799eeaadcfed8d71cec07be7,0.21398481106747347,0.21379121192645834,-0.00019359914101513276,0.014119819724889097,0.013809546298111567,-0.0003102734267775298,0.013928151960136583,0.013619281838884372,-0.0003088701212522107,0.00019166776475251332,0.0001902644592271951,-1.4033055253182068e-06,0.014258808910454945,0.014012134668465848,-0.0002466742419890977,0.0002878427663634583,0.00013329766939860254,-0.00015454509696485573,0.22475031254936018,0.22651875386475206,0.0017684413153918888,14.258808910454945,14.012134668465848
unloading,18,0.8,18,18,92bf28514fac6405851e8e389dbf42ecd9be396f35fc4917905892c1993eb8d5,86e26f5fb8b27fcabb41314b751cb4e4559076147c4ed8bcfe26d0c4f2b768d3,0.17551732010896304,0.17487881734417948,-0.0006385027647835551,0.001426598144254401,0.0008083971955433947,-0.0006182009487110063,0.0012513614273917634,0.0006341188641455555,-0.0006172425632462079,0.0001752367168626382,0.00017427833139783887,-9.583854647993346e-07,0.08635203128000413,0.08474417818642621,-0.0016078530935779156,0.07317433143870669,0.071511812331928,-0.0016625191067786843,0.20422103834405855,0.20624916193235535,0.002028123588296793,86.35203128000413,84.74417818642621
unloading,19,0.75,19,19,1d6e39040255951a08cd614de11dcbd069adbded3c4d2e85723d64f994a09432,33c4855c41212485126207b6c9103be537129c69b6f288d7167a8a8fc258c4b4,0.16344469914674378,0.16299867243223315,-0.00044602671451063336,0.0010301420259376296,0.0005983404656845207,-0.0004318015602531089,0.0008673162123393134,0.0004364687923582048,-0.0004308474199811086,0.0001628258135983165,0.00016187167332631504,-9.541402720014572e-07,0.1416601275649576,0.1405458429773141,-0.0011142845876435103,0.129958496604278,0.12880849540700037,-0.0011500011972776225,0.18751320173633523,0.18916585622223228,0.0016526544858970482,141.6601275649576,140.5458429773141
unloading,20,0.65,20,20,6e19115fbda9ea480766634c7b52a6ec04fdb0009dfbbd508ee99e82117a2a2c,1b01df439effad8d0e2459bcaed32a22ce7bcb7971f565c2eead9df2c465ef46,0.14029943231215422,0.14002904040533468,-0.00027039190681954484,0.0006561764376583865,0.00039725185242815063,-0.00025892458523023586,0.0005176191258779888,0.00025951840391327715,-0.00025810072196471163,0.00013855731178039692,0.0001377334485148735,-8.23863265523412e-07,0.2546036290762004,0.2539362574727413,-0.0006673716034590882,0.2457383998116067,0.24505188839692685,-0.0006865114146798468,0.15553702079447068,0.15668956292268035,0.0011525421282096715,254.60362907620038,253.9362574727413
unloading,21,0.5,21,21,b3fb5e19ae721bcd69a2ce56b228188115a6ba8c149d6b24c26e5b0aa909c4b7,e4779a0525672cea25d000f4fd5083f7fd5922654275f0fff12f2064893347e3,0.10683175175738123,0.10667994735943681,-0.0001518043979444189,0.00038737341914687324,0.0002452287555153196,-0.00014214466363155365,0.00028347079546866405,0.00014191671746119572,-0.00014155407800746833,0.00010390262367820924,0.00010331203805412389,-5.905856240853507e-07,0.42629110438732454,0.42592215898072894,-0.00036894540659559993,0.4210651437926765,0.4206876852579739,-0.0003774585347026127,0.11203135086566463,0.11267778423337305,0.0006464333677084211,426.29110438732454,425.9221589807289
unloading,22,0.25,22,22,324235da6e6f20ae3e6d52e759ebea8cbf8663ebaa22f5f2bedc5ef34630bf90,b0d7da42ac551ba7bc6122f4d50321fc0ee09224068f237e0c42c62a995639b9,0.052765637499031195,0.052709727114509594,-5.591038452160135e-05,0.00015064217902286897,0.00010017140258282495,-5.0470776440044023e-05,0.00010048302812347739,5.0272038679109356e-05,-5.0210989444368034e-05,5.015915089939156e-05,4.989936390371559e-05,-2.5978699567596954e-07,0.7136410297356548,0.7135081147438918,-0.00013291499176304455,0.7123699817624852,0.7122353814321066,-0.0001346003303785981,0.05055972111718873,0.050729697710349624,0.0001699765931608907,713.6410297356548,713.5081147438917
unloading,23,0.0,23,23,ca19aabd9cb3d294f63dec549dd1795eb06a34f4284b97ab91aab19ff89aef01,73f1f000237306cf81fca6123e0c86b9d9d8a832fc0e046535645ebb5a1a5c2b,8.78412395130692e-25,8.694903783041328e-25,-8.922016826559186e-27,-1.4985754973363611e-27,-7.970267507203433e-28,7.015487466160178e-28,-1.3339053670238845e-27,-6.64977419754172e-28,6.689279472697125e-28,-1.646701303124768e-28,-1.320493309661712e-28,3.26207993463056e-29,1.0,1.0,0.0,1.0,1.0,0.0,2.096819107328693e-24,2.1236072459482507e-24,2.6788138619557567e-26,1000.0,1000.0
