dataset,record_type,sequence_index,segment,newton_check,target_mm,R_input_N,relative_residual,residual_scale,factor,accepted,reason,original_target_index,bisection_depth
Before,Newton base,1,O,1,0.0,0.0,0.0,2e-14,,,,,
Before,Newton base,2,L,1,0.0005,0.00028391915552066844,0.0013079931461287707,0.0001738642648068848,,,,,
Before,Newton base,3,L,2,0.0005,0.0002839434175985735,5.059312651755695e-11,0.00017387912223869103,,,,,
Before,Newton base,4,U1,1,0.0,-2.4260789920473123e-08,0.9826965328369153,2.3131287096119627e-07,,,,,
Before,Newton base,5,U1,2,0.0,-4.2457514139587065e-15,0.4392874084704486,2e-14,,,,,
Before,Newton base,6,U1,3,0.0,-2.122875706979351e-15,0.21964370423522445,2e-14,,,,,
Before,Newton base,7,U1,4,0.0,-1.061437853489675e-15,0.10982185211761226,2e-14,,,,,
Before,Newton base,8,U1,5,0.0,-5.307189267448374e-16,0.05491092605880614,2e-14,,,,,
Before,Newton base,9,U1,6,0.0,-2.653594633724187e-16,0.02745546302940307,2e-14,,,,,
Before,Newton base,10,U1,7,0.0,-1.326797316862094e-16,0.013727731514701537,2e-14,,,,,
Before,Newton base,11,U1,8,0.0,-6.633986584310474e-17,0.006863865757350768,2e-14,,,,,
Before,Newton base,12,U1,9,0.0,-3.316993292155238e-17,0.0034319328786753863,2e-14,,,,,
Before,Newton base,13,U1,10,0.0,-1.6584966460776185e-17,0.0017159664393376932,2e-14,,,,,
Before,Newton base,14,U1,11,0.0,-8.292483230388091e-18,0.0008579832196688464,2e-14,,,,,
Before,Newton base,15,U1,12,0.0,-4.146241615194046e-18,0.0004289916098344233,2e-14,,,,,
Before,Newton base,16,U1,13,0.0,-2.0731208075970224e-18,0.00021449580491721164,2e-14,,,,,
Before,Newton base,17,U1,14,0.0,-1.0365604037985112e-18,0.00010724790245860585,2e-14,,,,,
Before,Newton base,18,U1,15,0.0,-5.182802018992553e-19,5.3623951229302925e-05,2e-14,,,,,
Before,Newton base,19,U1,16,0.0,-2.591401009496273e-19,2.6811975614651462e-05,2e-14,,,,,
Before,Newton base,20,U1,17,0.0,-1.2957005047481356e-19,1.340598780732573e-05,2e-14,,,,,
Before,Newton base,21,U1,18,0.0,-6.478502523740676e-20,6.702993903662866e-06,2e-14,,,,,
Before,Newton base,22,U1,19,0.0,-3.239251261870337e-20,3.3514969518314336e-06,2e-14,,,,,
Before,Newton base,23,U1,20,0.0,-1.6196256309351683e-20,1.6757484759157168e-06,2e-14,,,,,
Before,Newton base,24,U1,21,0.0,-8.098128154675838e-21,8.378742379578587e-07,2e-14,,,,,
Before,Newton base,25,U1,22,0.0,-4.049064077337916e-21,4.1893711897892936e-07,2e-14,,,,,
Before,Newton base,26,U1,23,0.0,-2.0245320386689566e-21,2.0946855948946463e-07,2e-14,,,,,
Before,Newton base,27,U1,24,0.0,-1.012266019334477e-21,1.047342797447323e-07,2e-14,,,,,
Before,Newton base,28,U1,25,0.0,-5.061330096672382e-22,5.236713987236614e-08,2e-14,,,,,
Before,Newton base,29,B,1,0.00025,0.0001419595784043265,0.0006536993553293431,8.693213279780554e-05,,,,,
Before,Newton base,30,B,2,0.00025,0.00014196564344249807,6.3165659970823915e-12,8.693584686025707e-05,,,,,
Before,Newton base,31,U2,1,0.0,-6.06552096984775e-09,0.9827005645349902,5.784118322908677e-08,,,,,
Before,Newton base,32,U2,2,0.0,-2.654192480579866e-16,0.027470711268673516,2e-14,,,,,
Before,Newton base,33,U2,3,0.0,-1.327096240289933e-16,0.013735355634336753,2e-14,,,,,
Before,Newton base,34,U2,4,0.0,-6.635481201449667e-17,0.006867677817168376,2e-14,,,,,
Before,Newton base,35,U2,5,0.0,-3.3177406007248335e-17,0.003433838908584188,2e-14,,,,,
Before,Newton base,36,U2,6,0.0,-1.6588703003624164e-17,0.0017169194542920947,2e-14,,,,,
Before,Newton base,37,U2,7,0.0,-8.294351501812084e-18,0.0008584597271460476,2e-14,,,,,
Before,Newton base,38,U2,8,0.0,-4.14717575090604e-18,0.00042922986357302385,2e-14,,,,,
Before,Newton base,39,U2,9,0.0,-2.07358787545302e-18,0.000214614931786512,2e-14,,,,,
Before,Newton base,40,U2,10,0.0,-1.0367939377265103e-18,0.000107307465893256,2e-14,,,,,
Before,Newton base,41,U2,11,0.0,-5.183969688632548e-19,5.3653732946628e-05,2e-14,,,,,
Before,Newton base,42,U2,12,0.0,-2.591984844316273e-19,2.682686647331399e-05,2e-14,,,,,
Before,Newton base,43,U2,13,0.0,-1.295992422158136e-19,1.3413433236656995e-05,2e-14,,,,,
Before,Newton base,44,U2,14,0.0,-6.479962110790678e-20,6.706716618328499e-06,2e-14,,,,,
Before,Newton base,45,U2,15,0.0,-3.239981055395337e-20,3.353358309164249e-06,2e-14,,,,,
Before,Newton base,46,U2,16,0.0,-1.619990527697668e-20,1.6766791545821248e-06,2e-14,,,,,
Before,Newton base,47,U2,17,0.0,-8.09995263848834e-21,8.383395772910625e-07,2e-14,,,,,
Before,Newton base,48,U2,18,0.0,-4.049976319244168e-21,4.1916978864553126e-07,2e-14,,,,,
Before,trial event,2,L,1,0.0005,,,,1.0,True,,,
Before,trial event,4,U1,1,0.0,,,,1.0,True,,,
Before,trial event,5,U1,2,0.0,,,,1.0,False,unsupported_arithmetic_range,,
Before,trial event,5,U1,2,0.0,,,,0.5,True,,,
Before,trial event,6,U1,3,0.0,,,,1.0,False,unsupported_arithmetic_range,,
Before,trial event,6,U1,3,0.0,,,,0.5,True,,,
Before,trial event,7,U1,4,0.0,,,,1.0,False,unsupported_arithmetic_range,,
Before,trial event,7,U1,4,0.0,,,,0.5,True,,,
Before,trial event,8,U1,5,0.0,,,,1.0,False,unsupported_arithmetic_range,,
Before,trial event,8,U1,5,0.0,,,,0.5,True,,,
Before,trial event,9,U1,6,0.0,,,,1.0,False,unsupported_arithmetic_range,,
Before,trial event,9,U1,6,0.0,,,,0.5,True,,,
Before,trial event,10,U1,7,0.0,,,,1.0,False,unsupported_arithmetic_range,,
Before,trial event,10,U1,7,0.0,,,,0.5,True,,,
Before,trial event,11,U1,8,0.0,,,,1.0,False,unsupported_arithmetic_range,,
Before,trial event,11,U1,8,0.0,,,,0.5,True,,,
Before,trial event,12,U1,9,0.0,,,,1.0,False,unsupported_arithmetic_range,,
Before,trial event,12,U1,9,0.0,,,,0.5,True,,,
Before,trial event,13,U1,10,0.0,,,,1.0,False,unsupported_arithmetic_range,,
Before,trial event,13,U1,10,0.0,,,,0.5,True,,,
Before,trial event,14,U1,11,0.0,,,,1.0,False,unsupported_arithmetic_range,,
Before,trial event,14,U1,11,0.0,,,,0.5,True,,,
Before,trial event,15,U1,12,0.0,,,,1.0,False,unsupported_arithmetic_range,,
Before,trial event,15,U1,12,0.0,,,,0.5,True,,,
Before,trial event,16,U1,13,0.0,,,,1.0,False,unsupported_arithmetic_range,,
Before,trial event,16,U1,13,0.0,,,,0.5,True,,,
Before,trial event,17,U1,14,0.0,,,,1.0,False,unsupported_arithmetic_range,,
Before,trial event,17,U1,14,0.0,,,,0.5,True,,,
Before,trial event,18,U1,15,0.0,,,,1.0,False,unsupported_arithmetic_range,,
Before,trial event,18,U1,15,0.0,,,,0.5,True,,,
Before,trial event,19,U1,16,0.0,,,,1.0,False,unsupported_arithmetic_range,,
Before,trial event,19,U1,16,0.0,,,,0.5,True,,,
Before,trial event,20,U1,17,0.0,,,,1.0,False,unsupported_arithmetic_range,,
Before,trial event,20,U1,17,0.0,,,,0.5,True,,,
Before,trial event,21,U1,18,0.0,,,,1.0,False,unsupported_arithmetic_range,,
Before,trial event,21,U1,18,0.0,,,,0.5,True,,,
Before,trial event,22,U1,19,0.0,,,,1.0,False,unsupported_arithmetic_range,,
Before,trial event,22,U1,19,0.0,,,,0.5,True,,,
Before,trial event,23,U1,20,0.0,,,,1.0,False,unsupported_arithmetic_range,,
Before,trial event,23,U1,20,0.0,,,,0.5,True,,,
Before,trial event,24,U1,21,0.0,,,,1.0,False,unsupported_arithmetic_range,,
Before,trial event,24,U1,21,0.0,,,,0.5,True,,,
Before,trial event,25,U1,22,0.0,,,,1.0,False,unsupported_arithmetic_range,,
Before,trial event,25,U1,22,0.0,,,,0.5,True,,,
Before,trial event,26,U1,23,0.0,,,,1.0,False,unsupported_arithmetic_range,,
Before,trial event,26,U1,23,0.0,,,,0.5,True,,,
Before,trial event,27,U1,24,0.0,,,,1.0,False,unsupported_arithmetic_range,,
Before,trial event,27,U1,24,0.0,,,,0.5,True,,,
Before,trial event,29,B,1,0.00025,,,,1.0,True,,,
Before,trial event,31,U2,1,0.0,,,,1.0,True,,,
Before,trial event,32,U2,2,0.0,,,,1.0,False,unsupported_arithmetic_range,,
Before,trial event,32,U2,2,0.0,,,,0.5,True,,,
Before,trial event,33,U2,3,0.0,,,,1.0,False,unsupported_arithmetic_range,,
Before,trial event,33,U2,3,0.0,,,,0.5,True,,,
Before,trial event,34,U2,4,0.0,,,,1.0,False,unsupported_arithmetic_range,,
Before,trial event,34,U2,4,0.0,,,,0.5,True,,,
Before,trial event,35,U2,5,0.0,,,,1.0,False,unsupported_arithmetic_range,,
Before,trial event,35,U2,5,0.0,,,,0.5,True,,,
Before,trial event,36,U2,6,0.0,,,,1.0,False,unsupported_arithmetic_range,,
Before,trial event,36,U2,6,0.0,,,,0.5,True,,,
Before,trial event,37,U2,7,0.0,,,,1.0,False,unsupported_arithmetic_range,,
Before,trial event,37,U2,7,0.0,,,,0.5,True,,,
Before,trial event,38,U2,8,0.0,,,,1.0,False,unsupported_arithmetic_range,,
Before,trial event,38,U2,8,0.0,,,,0.5,True,,,
Before,trial event,39,U2,9,0.0,,,,1.0,False,unsupported_arithmetic_range,,
Before,trial event,39,U2,9,0.0,,,,0.5,True,,,
Before,trial event,40,U2,10,0.0,,,,1.0,False,unsupported_arithmetic_range,,
Before,trial event,40,U2,10,0.0,,,,0.5,True,,,
Before,trial event,41,U2,11,0.0,,,,1.0,False,unsupported_arithmetic_range,,
Before,trial event,41,U2,11,0.0,,,,0.5,True,,,
Before,trial event,42,U2,12,0.0,,,,1.0,False,unsupported_arithmetic_range,,
Before,trial event,42,U2,12,0.0,,,,0.5,True,,,
Before,trial event,43,U2,13,0.0,,,,1.0,False,unsupported_arithmetic_range,,
Before,trial event,43,U2,13,0.0,,,,0.5,True,,,
Before,trial event,44,U2,14,0.0,,,,1.0,False,unsupported_arithmetic_range,,
Before,trial event,44,U2,14,0.0,,,,0.5,True,,,
Before,trial event,45,U2,15,0.0,,,,1.0,False,unsupported_arithmetic_range,,
Before,trial event,45,U2,15,0.0,,,,0.5,True,,,
Before,trial event,46,U2,16,0.0,,,,1.0,False,unsupported_arithmetic_range,,
Before,trial event,46,U2,16,0.0,,,,0.5,True,,,
Before,trial event,47,U2,17,0.0,,,,1.0,False,unsupported_arithmetic_range,,
Before,trial event,47,U2,17,0.0,,,,0.5,True,,,
Before,trial event,48,U2,18,0.0,,,,1.0,False,unsupported_arithmetic_range,,
Before,accepted state,0,,,0.0,0.0,0.0,2e-14,,,,0,0
Before,accepted state,1,,,0.0005,0.0002839434175985735,5.059312651755695e-11,0.00017387912223869103,,,,1,0
Before,accepted state,2,,,0.00025,0.00014196564344249807,6.3165659970823915e-12,8.693584686025707e-05,,,,2,1
After,Newton base,1,O,1,0.0,0.0,0.0,2e-14,,,,,
After,Newton base,2,L,1,0.0005,0.00028391915552066844,0.0013079931461287707,0.0001738642648068848,,,,,
After,Newton base,3,L,2,0.0005,0.0002839434175985735,5.059312651755695e-11,0.00017387912223869103,,,,,
After,Newton base,4,U1,1,0.0,-2.4260789920473123e-08,0.9826965328369153,2.3131287096119627e-07,,,,,
After,Newton base,5,U1,2,0.0,-4.2457514139587065e-15,0.4392874084704486,2e-14,,,,,
After,Newton base,6,U1,3,0.0,4.733165431326071e-30,1.1980304655177976e-15,2e-14,,,,,
After,trial event,2,L,1,0.0005,,,,1.0,True,,,
After,trial event,4,U1,1,0.0,,,,1.0,True,,,
After,trial event,5,U1,2,0.0,,,,1.0,True,,,
After,accepted state,0,,,0.0,0.0,0.0,2e-14,,,,0,0
After,accepted state,1,,,0.0005,0.0002839434175985735,5.059312651755695e-11,0.00017387912223869103,,,,1,0
After,accepted state,2,,,0.0,4.733165431326071e-30,1.1980304655177976e-15,2e-14,,,,2,0
