target_index,load_multiplier,python_index,matlab_index,U_absolute_error,U_denominator,U_relative_error,U_tolerance,U_pass,loaded_displacements_absolute_error,loaded_displacements_denominator,loaded_displacements_relative_error,loaded_displacements_tolerance,loaded_displacements_pass,support_reaction_absolute_error,support_reaction_denominator,support_reaction_relative_error,support_reaction_tolerance,support_reaction_pass,solid_material_energy_absolute_error,solid_material_energy_denominator,solid_material_energy_relative_error,solid_material_energy_tolerance,solid_material_energy_pass,medium_material_energy_absolute_error,medium_material_energy_denominator,medium_material_energy_relative_error,medium_material_energy_tolerance,medium_material_energy_pass,J_field_absolute_error,J_field_denominator,J_field_relative_error,J_field_tolerance,J_field_pass,min_J_absolute_error,min_J_tolerance,min_J_pass,loaded_node_0_ux_absolute_difference,loaded_node_0_uy_absolute_difference,loaded_node_1_ux_absolute_difference,loaded_node_1_uy_absolute_difference,loaded_node_2_ux_absolute_difference,loaded_node_2_uy_absolute_difference,loaded_node_3_ux_absolute_difference,loaded_node_3_uy_absolute_difference,loaded_node_4_ux_absolute_difference,loaded_node_4_uy_absolute_difference,loaded_node_5_ux_absolute_difference,loaded_node_5_uy_absolute_difference,python_validity_pass,matlab_validity_pass,status
1,0.01,0,0,2.945492915666637e-13,11.173725638016597,2.6360884552643082e-14,1e-05,True,3.789651860595027e-14,1.8030251684689265,2.1018297064666506e-14,1e-05,True,9.253742789872633e-14,0.14760925728442087,6.269080246127152e-13,0.0001,True,4.0939647505400245e-13,0.010959520157579752,3.735532844208132e-11,0.0001,True,6.640738306473715e-19,3.501821329727395e-05,1.896366970553199e-14,0.0001,True,2.3830000381752657e-14,128.64967144947246,1.8523172358906458e-16,1e-05,True,3.3306690738754696e-16,1e-06,True,2.1441182163073336e-15,1.4099832412739488e-14,2.275957200481571e-15,1.4654943925052066e-14,2.5049406993105094e-15,1.509903313490213e-14,2.824129818890242e-15,1.5432100042289676e-14,2.858824288409778e-15,1.587618925213974e-14,3.073929999430902e-15,1.6209256159527285e-14,True,True,pass
2,0.02,1,1,2.149064329298713e-13,22.371052160446997,9.606451738994883e-15,1e-05,True,3.325995919902599e-14,3.6096722676184867,9.214121596964132e-15,1e-05,True,6.003748186129461e-14,0.2954602058555993,2.031998918007822e-13,0.0001,True,2.856048730848215e-14,0.04391559637712375,6.503495264693641e-13,0.0001,True,2.6291902682773483e-18,0.00014240684927760156,1.846252677883577e-14,0.0001,True,3.183185795477703e-14,127.91354812925093,2.488544678833579e-16,1e-05,True,3.3306690738754696e-16,1e-06,True,2.4424906541753444e-15,1.2434497875801753e-14,2.456368441983159e-15,1.2656542480726785e-14,2.6506574712925612e-15,1.3100631690576847e-14,2.6922908347160046e-15,1.3322676295501878e-14,2.8449465006019636e-15,1.3766765505351941e-14,3.1780134079895106e-15,1.4432899320127035e-14,True,True,pass
3,0.03,2,2,1.7157291554055938e-13,33.58880245649424,5.108039078284749e-15,1e-05,True,1.8037259306043955e-14,5.419303717861118,3.3283351967515986e-15,1e-05,True,6.631431774273243e-14,0.4435156165903272,1.495196905411035e-13,0.0001,True,1.0533240946131173e-14,0.09896335123557665,1.0643577460364484e-13,0.0001,True,4.065758146820642e-18,0.0003258207726911132,1.2478511155809851e-14,0.0001,True,3.527715098746953e-14,127.17565831963378,2.7738917536252557e-16,1e-05,True,5.551115123125783e-16,1e-06,True,2.55351295663786e-15,6.217248937900877e-15,2.6922908347160046e-15,6.661338147750939e-15,2.886579864025407e-15,6.217248937900877e-15,3.0531133177191805e-15,6.661338147750939e-15,3.1363800445660672e-15,7.105427357601002e-15,3.247402347028583e-15,7.549516567451064e-15,True,True,pass
4,0.04,3,3,2.9261195936247857e-13,44.82379834656627,6.528049164867219e-15,1e-05,True,4.438523569333905e-14,7.231271452760057,6.1379573403233175e-15,1e-05,True,6.367684701771812e-14,0.5917376093786538,1.0760993725678709e-13,0.0001,True,1.1493583862431933e-13,0.1761691550438127,6.524174938327607e-13,0.0001,True,5.7462715141731735e-18,0.0005891240191720275,9.75392502626044e-15,0.0001,True,3.357759367321969e-14,126.43694806338263,2.6556789124953647e-16,1e-05,True,5.551115123125783e-16,1e-06,True,2.275957200481571e-15,1.687538997430238e-14,2.4147350785597155e-15,1.687538997430238e-14,2.4980018054066022e-15,1.7319479184152442e-14,2.609024107869118e-15,1.8207657603852567e-14,2.7755575615628914e-15,1.865174681370263e-14,2.7478019859472624e-15,1.9539925233402755e-14,True,True,pass
5,0.05,4,4,2.769757007946323e-09,56.07286209734052,4.939567741589723e-11,1e-05,True,4.620098603366812e-10,9.044918149621392,5.10794959881445e-11,1e-05,True,2.6675173669282087e-11,0.7400877173889467,3.604325952522622e-11,0.0001,True,2.804145804446989e-11,0.2755700194912505,1.0175801451928346e-10,0.0001,True,9.567010812033816e-14,0.0009363923176778419,1.0216883064311157e-10,0.0001,True,3.03433853685816e-10,125.69842051610978,2.413983027312004e-12,1e-05,True,7.330913653902371e-12,1e-06,True,1.4761247779659925e-11,1.7288481757304908e-10,1.4718337659758163e-11,1.788089676324489e-10,1.4656803548618313e-11,1.847584307768102e-10,1.4577339335630768e-11,1.9072876611403444e-10,1.4481915666664236e-11,1.9671730910886254e-10,1.4368284340093851e-11,2.0273738243758999e-10,True,True,pass
6,0.060000000000000005,5,5,1.7913974078369168e-09,67.33281758293344,2.6605115783703285e-11,1e-05,True,2.985379236918786e-10,10.859578472762863,2.7490746942033508e-11,1e-05,True,1.72216692039168e-11,0.8885269514624267,1.9382269919411732e-11,0.0001,True,2.178562885646329e-11,0.39717309178814075,5.4851724114492973e-11,0.0001,True,7.631222043169572e-14,0.0013719130421200139,5.562467743128284e-11,0.0001,True,2.001569498871255e-10,124.96112032738849,1.6017538044051603e-12,1e-05,True,4.6734838221595965e-12,1e-06,True,7.238043497892477e-12,1.1188117099436568e-10,7.10975722739704e-12,1.1571099634011262e-10,6.96853685866472e-12,1.1955680889741416e-10,6.815215058963986e-12,1.234150559525915e-10,6.6510685847731565e-12,1.2728573750564465e-10,6.474154545799138e-12,1.311777353407706e-10,True,True,pass
7,0.06999999999999999,6,6,7.85435707066907e-10,78.60049237172093,9.9927581032494e-12,1e-05,True,1.3077496275330776e-10,12.674580326792475,1.0317892930692614e-11,1e-05,True,7.55349778949048e-12,1.0370158644160712,7.283878722283334e-12,0.0001,True,1.131028604106632e-11,0.5409552511145048,2.0907988262918728e-11,0.0001,True,4.011938350978461e-14,0.001900183403488007,2.111342696507128e-11,0.0001,True,8.935021319297579e-11,124.22611595098054,7.192546632322729e-13,1e-05,True,2.0227153285645727e-12,1e-06,True,2.1737611710648252e-12,4.9047876871100016e-11,2.0736745653948674e-12,5.073097497643175e-11,1.9673707107870086e-12,5.242029033070139e-11,1.8553492076023304e-12,5.411582293390893e-11,1.7380541450506826e-12,5.581490825079527e-11,1.6146528558635964e-12,5.752465170871801e-11,True,True,pass
8,0.07999999999999999,7,7,2.379407293996038e-10,89.87272208497448,2.6475300166676967e-12,1e-05,True,3.928431943301544e-11,14.489246099928538,2.7112742210382633e-12,1e-05,True,2.332905376958622e-12,1.185514614057177,1.9678419391008087e-12,0.0001,True,4.145017662438022e-12,0.7068628071259061,5.863963446162351e-12,0.0001,True,1.4233406120389702e-14,0.002525907946537984,5.6349662860430236e-12,0.0001,True,2.7303527354953533e-11,123.4944810441634,2.2109107325362501e-13,1e-05,True,5.945244296867713e-13,1e-06,True,3.047007091083742e-13,1.4788170688007085e-11,2.6068036618198676e-13,1.5276668818842154e-11,2.1566082253343666e-13,1.5766943306516623e-11,1.6892043319671757e-13,1.6258994151030493e-11,1.212363542890671e-13,1.6750156817124662e-11,7.222000775186643e-14,1.7245760375317332e-11,True,True,pass
9,0.09,8,8,1.268460495146972e-09,101.14635851213768,1.2540841942369633e-11,1e-05,True,2.0955639450756115e-10,16.302893898303807,1.2853938436620992e-11,1e-05,True,1.2177168100224042e-11,1.3339830249371174,9.128428077859583e-12,0.0001,True,2.306277391284084e-11,0.8948113004947577,2.577389657471805e-11,0.0001,True,8.769374115757955e-14,0.003253996511868816,2.694954983440219e-11,0.0001,True,1.4767959734567877e-10,122.7672761202268,1.2029231405366946e-12,1e-05,True,3.1510349884911193e-12,1e-06,True,1.2523315717771766e-13,7.87618859021677e-11,1.783573289060314e-13,8.141576302023168e-11,4.917177776064818e-13,8.407941010091236e-11,8.140155216551648e-13,8.674927443053093e-11,1.1439738045737613e-12,8.942624418750711e-11,1.484534717377528e-12,9.211742479919849e-11,True,True,pass
10,0.09999999999999999,9,9,2.2962084384643677e-09,112.41828276523434,2.042557831326771e-11,1e-05,True,3.77965156256451e-10,18.114838761573065,2.0864947308182893e-11,1e-05,True,2.1900237501070066e-11,1.4823806482735677,1.4773693603310222e-11,0.0001,True,4.6062265113278045e-11,1.1046854041522316,4.1697179070296124e-11,0.0001,True,1.808110952628006e-13,0.004089563748129418,4.421280762416389e-11,0.0001,True,2.6944488922041895e-10,122.04553149036552,2.2077407171739784e-12,1e-05,True,5.627165400312606e-12,1e-06,True,2.727706949201547e-12,1.4200907116901362e-10,3.4038327711982674e-12,1.467901356022594e-10,4.098277273101303e-12,1.5158896360389917e-10,4.810707388003266e-12,1.5640200246025415e-10,5.538403069493825e-12,1.6122569945764553e-10,6.285055809129858e-12,1.6607248909394912e-10,True,True,pass
11,0.11,10,10,3.311677561993442e-09,123.6854245177115,2.6775002591507593e-11,1e-05,True,5.424246406763598e-10,19.924393855370877,2.7224147676148364e-11,1e-05,True,3.1464711943673595e-11,1.6306668197745215,1.9295610582193816e-11,0.0001,True,7.2310157861466e-11,1.3363389235451177,5.411064258282427e-11,0.0001,True,2.936175608203584e-13,0.0050379310539085415,5.828137735083992e-11,0.0001,True,3.900817175296349e-10,121.33023230266376,3.215041380260102e-12,1e-05,True,7.99815769170209e-12,1e-06,True,8.20998824480057e-12,2.0365931163723872e-10,9.366174502645208e-12,2.1050183818260848e-10,1.0550837981071481e-11,2.1736745736689045e-10,1.176131414482029e-11,2.2425439283324522e-10,1.2994466613847067e-11,2.311555391543152e-10,1.425792817144611e-11,2.3809221261217317e-10,True,True,pass
12,0.12,11,11,4.306119843197393e-09,134.94478798897018,3.191023460312789e-11,1e-05,True,7.009007775311325e-10,21.730871635646274,3.2253689096456157e-11,1e-05,True,4.064436813717319e-11,1.778800715046419,2.2849309533874655e-11,0.0001,True,1.0197620525786988e-10,1.5895948936089008,6.41523231282849e-11,0.0001,True,4.255996596813638e-13,0.006104631553834599,6.971750152783998e-11,0.0001,True,5.070624525835746e-10,120.62230622871476,4.203720426486638e-12,1e-05,True,1.0250023052549295e-11,1e-06,True,1.62213575904957e-11,2.6286350873760966e-10,1.79580239567656e-11,2.716724623041955e-10,1.9732437905872757e-11,2.8050983758021175e-10,2.1541268768743294e-11,2.893720818519796e-10,2.3381990787996187e-11,2.9825386604898085e-10,2.5263957592613906e-11,3.071765064532883e-10,True,True,pass
13,0.13,12,12,5.271976682705948e-09,146.1934848174764,3.606163906201462e-11,1e-05,True,8.514535851849562e-10,23.53358497825985,3.618036036462454e-11,1e-05,True,4.9324891135010865e-11,1.926741402120565,2.5600161537362543e-11,0.0001,True,1.3395728970522214e-10,1.8642457693200398,7.185602451659653e-11,0.0001,True,5.756020660108163e-13,0.007295418446059148,7.889911596801498e-11,0.0001,True,6.17888798389664e-10,119.92261412423585,5.152396008892465e-12,1e-05,True,1.2364886892157756e-11,1e-06,True,2.6605440073268483e-11,3.1881342010819935e-10,2.9012264812777744e-11,3.2946623207408265e-10,3.1467412009433815e-11,3.4015101846307516e-10,3.396621872653327e-11,3.5086245020465867e-10,3.650454938330938e-11,3.615969745851544e-10,3.9096198500843116e-11,3.723830133139927e-10,True,True,pass
14,0.14,13,13,6.202526688150902e-09,157.42877322948752,3.939893934833207e-11,1e-05,True,9.922049275434812e-10,25.331848262545087,3.916828007415968e-11,1e-05,True,5.738555903446687e-11,2.074447890256317,2.7663051602311574e-11,0.0001,True,1.6812373715424656e-10,2.1600537051576403,7.783312829343608e-11,0.0001,True,7.418423514371497e-13,0.0086162768792811,8.609778467321554e-11,0.0001,True,7.202806885427386e-10,119.23194384918138,6.041004325601154e-12,1e-05,True,1.4318990437800494e-11,1e-06,True,3.915612278859726e-11,3.7073100145335047e-10,4.2312070513972344e-11,3.830731287735034e-10,4.552594412565725e-11,3.9545611230096256e-10,4.879341375385593e-11,4.078675175378521e-10,5.210851194981103e-11,4.2030556812733266e-10,5.5488558192706705e-11,4.327986857788346e-10,True,True,pass
15,0.15,14,14,1.9180327374517175e-13,168.6481018099916,1.1372987403159039e-15,1e-05,True,1.95382692908261e-14,27.124978388877,7.203054325321807e-16,1e-05,True,5.504712008149087e-14,2.221879173486947,2.4775028605674206e-14,0.0001,True,1.3455903058456897e-13,2.4767509160838763,5.4328850636836534e-14,0.0001,True,2.6020852139652106e-17,0.010073439512049786,2.5831149438606468e-15,0.0001,True,5.3490172024743104e-14,118.55100740447047,4.511996413682608e-16,1e-05,True,3.3306690738754696e-16,1e-06,True,2.7200464103316335e-15,7.105427357601002e-15,2.914335439641036e-15,7.105427357601002e-15,2.7200464103316335e-15,7.105427357601002e-15,2.9698465908722937e-15,7.105427357601002e-15,2.9698465908722937e-15,8.881784197001252e-15,3.0808688933348094e-15,7.105427357601002e-15,True,True,pass
16,0.16,15,15,1.3175607760348445e-13,179.84915443780204,7.32592143762623e-16,1e-05,True,6.8110156919336274e-15,28.91229568479953,2.3557505658447173e-16,1e-05,True,5.73483548581162e-14,2.368994265565603,2.4207890956808265e-14,0.0001,True,7.638334409421077e-14,2.8140401056965665,2.7143658663423138e-14,0.0001,True,1.0408340855860843e-17,0.011673406162628531,8.916284339683397e-16,0.0001,True,4.5940164826714156e-14,117.88044163497784,3.8971829583884635e-16,1e-05,True,5.551115123125783e-16,1e-06,True,2.4980018054066022e-15,0.0,2.581268532253489e-15,0.0,2.6645352591003757e-15,0.0,2.6645352591003757e-15,0.0,2.796374243274613e-15,1.7763568394002505e-15,2.8831104170734534e-15,0.0,True,True,pass
17,0.17,16,16,3.5595715934981633e-13,191.02989056856157,1.863358442442606e-15,1e-05,True,5.16811775928249e-14,30.693124647157546,1.6838030727383448e-15,1e-05,True,5.900013449662823e-14,2.5157522220249735,2.3452283567551806e-14,0.0001,True,1.5987211554602254e-14,3.171594941416341,5.040748219715231e-15,0.0001,True,4.5102810375396984e-17,0.01342296862212133,3.360121866117352e-15,0.0001,True,6.015483006261371e-14,117.22081291880906,5.131753360581017e-16,1e-05,True,0.0,1e-06,True,3.0253577421035516e-15,1.7763568394002505e-14,2.8449465006019636e-15,1.9539925233402755e-14,3.6290415117434804e-15,2.1316282072803006e-14,3.733124920302089e-15,2.1316282072803006e-14,3.837208328860697e-15,2.1316282072803006e-14,4.253541963095131e-15,2.3092638912203256e-14,True,True,pass
18,0.18,17,17,1.9370172389488212e-13,202.18857141068483,9.580250878841007e-16,1e-05,True,2.768718493978126e-14,32.466794385437666,8.527846824384915e-16,1e-05,True,6.786877937039294e-14,2.6621121394418426,2.5494335255397166e-14,0.0001,True,2.2648549702353193e-14,3.5490605336246324,6.381561962039114e-15,0.0001,True,2.949029909160572e-17,0.015329242840607467,1.923793588388158e-15,0.0001,True,5.882086897090846e-14,116.57262647121031,5.045856025679864e-16,1e-05,True,1.5543122344752192e-15,1e-06,True,2.345346139520643e-15,1.0658141036401503e-14,2.6298407895808396e-15,1.0658141036401503e-14,2.6940255581919814e-15,1.0658141036401503e-14,2.768618667658984e-15,1.0658141036401503e-14,2.609024107869118e-15,1.0658141036401503e-14,3.1363800445660672e-15,1.2434497875801753e-14,True,True,pass
19,0.19,18,18,1.0896326215355545e-13,213.3237588105273,5.107882158139539e-16,1e-05,True,1.570074097387748e-14,34.23263860632992,4.586482845927709e-16,1e-05,True,6.93854707685385e-14,2.8080331193320847,2.470963404628306e-14,0.0001,True,3.3795188869589765e-13,3.94605385727678,8.564299954312393e-14,0.0001,True,2.0816681711721685e-17,0.01739971253377477,1.1963807833787025e-15,0.0001,True,5.908355660830211e-14,115.9363409399571,5.096206774276343e-16,1e-05,True,1.6653345369377348e-16,1e-06,True,2.3002433291452462e-15,5.329070518200751e-15,2.1510571102112408e-15,5.329070518200751e-15,2.3037127760972e-15,5.329070518200751e-15,2.4424906541753444e-15,7.105427357601002e-15,2.248201624865942e-15,5.329070518200751e-15,2.3869795029440866e-15,7.105427357601002e-15,True,True,pass
20,0.19999999999999998,19,19,1.0771522876246208e-13,224.4342702690199,4.7994109203264e-16,1e-05,True,1.2507269164416246e-14,35.98999488645125,3.47520726353999e-16,1e-05,True,6.625765012054574e-14,2.953474177129742,2.2433800381128282e-14,0.0001,True,2.2115642650533118e-13,4.362164017261566,5.069878748946411e-14,0.0001,True,3.122502256758253e-17,0.01964229070915715,1.5896833536337775e-15,0.0001,True,6.432619174777892e-14,115.3123886786668,5.578428517948088e-16,1e-05,True,1.8318679906315083e-15,1e-06,True,5.620504062164855e-16,3.552713678800501e-15,6.106226635438361e-16,5.329070518200751e-15,9.159339953157541e-16,5.329070518200751e-15,4.440892098500626e-16,5.329070518200751e-15,2.498001805406602e-16,5.329070518200751e-15,1.6653345369377348e-16,5.329070518200751e-15,True,True,pass
21,0.21000000000000002,20,20,2.1612430179557132e-13,235.51907336885236,9.176509515944536e-16,1e-05,True,3.69388026779387e-14,37.73820292538917,9.788172147722313e-16,1e-05,True,6.061517092213615e-14,3.0983940718326073,1.9563415600741868e-14,0.0001,True,4.085620730620576e-14,4.796952221863651,8.517117831607842e-15,0.0001,True,5.204170427930421e-17,0.02206540848596937,2.3585198666227156e-15,0.0001,True,6.589316285673283e-14,114.70120113927953,5.744766593744732e-16,1e-05,True,6.106226635438361e-16,1e-06,True,2.6367796834847468e-15,1.2434497875801753e-14,2.858824288409778e-15,1.2434497875801753e-14,3.4416913763379853e-15,1.4210854715202004e-14,3.774758283725532e-15,1.5987211554602254e-14,4.551914400963142e-15,1.7763568394002505e-14,4.274358644806853e-15,1.4210854715202004e-14,True,True,pass
22,0.22,21,21,1.1555519059271935e-13,246.5771089094681,4.686371379070145e-16,1e-05,True,2.236486346295675e-14,39.47660145399504,5.665346721657424e-16,1e-05,True,8.064271593126127e-14,3.2427510296254747,2.4868611618504427e-14,0.0001,True,3.8191672047105385e-14,5.249951296654937,7.274671685323942e-15,0.0001,True,3.469446951953614e-17,0.024678143123012797,1.4058784466317057e-15,0.0001,True,7.075233225054039e-14,114.10323705234501,6.200729626810032e-16,1e-05,True,2.886579864025407e-15,1e-06,True,2.7200464103316335e-15,3.552713678800501e-15,2.0539125955565396e-15,7.105427357601002e-15,2.55351295663786e-15,7.105427357601002e-15,2.886579864025407e-15,1.0658141036401503e-14,3.164135620181696e-15,1.0658141036401503e-14,3.0531133177191805e-15,1.0658141036401503e-14,True,True,pass
23,0.23,22,22,3.79805190704723e-13,257.60704615531097,1.4743587039763615e-15,1e-05,True,5.21133827258505e-14,41.20452354379826,1.2647490674284023e-15,1e-05,True,7.623900199273255e-14,3.3865023388563693,2.2512608693038335e-14,0.0001,True,1.1901590823981678e-13,5.720664562807418,2.0804559843202848e-14,0.0001,True,7.28583859910259e-17,0.027490398124630604,2.6503212380088045e-15,0.0001,True,7.421207725027304e-14,113.51900865704432,6.53741414131596e-16,1e-05,True,2.4980018054066022e-15,1e-06,True,3.497202527569243e-15,1.7763568394002505e-14,2.9976021664879227e-15,1.7763568394002505e-14,3.552713678800501e-15,2.1316282072803006e-14,4.107825191113079e-15,2.1316282072803006e-14,4.773959005888173e-15,2.1316282072803006e-14,5.440092820663267e-15,2.4868995751603507e-14,True,True,pass
24,0.24,23,23,3.9332283896490365e-13,268.6069928579738,1.4643060285957389e-15,1e-05,True,4.552784218214933e-14,42.9212902376802,1.0607286484174898e-15,1e-05,True,7.06743041001748e-14,3.529603805647862,2.0023296662102976e-14,0.0001,True,4.618527782440651e-14,6.208563933918313,7.438963070363089e-15,0.0001,True,6.245004513516506e-17,0.030513146256509905,2.046660302093282e-15,0.0001,True,7.882581520220369e-14,112.94909908527401,6.978879498869839e-16,1e-05,True,2.220446049250313e-16,1e-06,True,3.941291737419306e-15,1.4210854715202004e-14,4.440892098500626e-15,1.7763568394002505e-14,4.884981308350689e-15,2.1316282072803006e-14,5.551115123125783e-15,1.7763568394002505e-14,5.329070518200751e-15,1.7763568394002505e-14,5.995204332975845e-15,1.7763568394002505e-14,True,True,pass
25,0.25,24,24,1.0622672391342437e-13,279.5741968357682,3.7995897016141914e-16,1e-05,True,1.0024029020435166e-14,44.62620264636925,2.246220477208968e-16,1e-05,True,5.0601281461900057e-14,3.6720090757343815,1.3780271349623525e-14,0.0001,True,2.078337502098293e-13,6.713087150093731,3.09594893620482e-14,0.0001,True,1.3877787807814457e-17,0.03375874068767891,4.110872480761553e-16,0.0001,True,7.500133808662243e-14,112.3941636096086,6.673063411649477e-16,1e-05,True,3.885780586188048e-16,1e-06,True,1.7763568394002505e-15,3.552713678800501e-15,1.4432899320127035e-15,3.552713678800501e-15,1.887379141862766e-15,3.552713678800501e-15,2.3314683517128287e-15,3.552713678800501e-15,2.55351295663786e-15,3.552713678800501e-15,1.9984014443252818e-15,3.552713678800501e-15,True,True,pass
26,0.26,25,25,9.234981553495121e-14,290.5047705699634,3.178943166880292e-16,1e-05,True,1.981678125681199e-14,46.318532789255485,4.278369815161522e-16,1e-05,True,6.630275775073394e-14,3.813668838637694,1.738555720386524e-14,0.0001,True,2.1316282072803006e-13,7.233634128781115,2.946828895864388e-14,0.0001,True,4.85722573273506e-17,0.03724129167090039,1.3042581271504072e-15,0.0001,True,8.236912146589386e-14,111.85491019278929,7.363925403357373e-16,1e-05,True,9.992007221626409e-16,1e-06,True,1.1102230246251565e-16,7.105427357601002e-15,5.551115123125783e-16,3.552713678800501e-15,7.771561172376096e-16,7.105427357601002e-15,6.661338147750939e-16,7.105427357601002e-15,2.220446049250313e-16,1.0658141036401503e-14,1.1102230246251565e-16,1.0658141036401503e-14,True,True,pass
27,0.27,26,26,3.5559107601185885e-13,301.39343779620384,1.1798235509437414e-15,1e-05,True,4.10952018198001e-14,47.99751332547476,8.561943936789065e-16,1e-05,True,7.078367701398166e-14,3.954529921511887,1.789939093112736e-14,0.0001,True,8.08242361927114e-14,7.769562401106287,1.0402675468724345e-14,0.0001,True,1.6653345369377348e-16,0.04097709972211481,4.0640615080890544e-15,0.0001,True,9.454782736413788e-14,111.33206054157424,8.492416910655427e-16,1e-05,True,2.4424906541753444e-15,1e-06,True,2.886579864025407e-15,1.4210854715202004e-14,2.3314683517128287e-15,1.7763568394002505e-14,1.5543122344752192e-15,1.4210854715202004e-14,8.881784197001252e-16,1.7763568394002505e-14,1.3322676295501878e-15,1.7763568394002505e-14,1.9984014443252818e-15,1.7763568394002505e-14,True,True,pass
28,0.28,27,27,2.1081501633112884e-13,312.233249926283,6.751843898140297e-16,1e-05,True,2.2063290966661902e-14,49.66232582433578,4.442661635442442e-16,1e-05,True,8.597566371938756e-14,4.094534243406764,2.099766630547299e-14,0.0001,True,1.687538997430238e-13,8.320181457467102,2.0282478285563405e-14,0.0001,True,2.0816681711721685e-17,0.04498513510672741,4.627457861876824e-16,0.0001,True,8.944200543488111e-14,110.82629941404757,8.070467561199113e-16,1e-05,True,4.996003610813204e-16,1e-06,True,2.886579864025407e-15,7.105427357601002e-15,2.886579864025407e-15,7.105427357601002e-15,3.219646771412954e-15,1.0658141036401503e-14,3.552713678800501e-15,1.0658141036401503e-14,2.886579864025407e-15,7.105427357601002e-15,3.1086244689504383e-15,7.105427357601002e-15,True,True,pass
29,0.29,28,28,1.754465472849309e-13,323.0151710305367,5.431526535586306e-16,1e-05,True,1.9469463036004363e-14,51.31208643815129,3.794323011883713e-16,1e-05,True,8.024760296886994e-14,4.233617540666747,1.8954854140232955e-14,0.0001,True,2.1316282072803006e-14,8.884745533118126,2.399200066377365e-15,0.0001,True,6.245004513516506e-17,0.0492875588405607,1.2670549445790856e-15,0.0001,True,9.305768594272748e-14,110.33822363528803,8.433857540639802e-16,1e-05,True,4.996003610813204e-16,1e-06,True,2.3314683517128287e-15,7.105427357601002e-15,1.5543122344752192e-15,7.105427357601002e-15,4.440892098500626e-16,7.105427357601002e-15,8.881784197001252e-16,1.0658141036401503e-14,1.3322676295501878e-15,7.105427357601002e-15,1.5543122344752192e-15,7.105427357601002e-15,True,True,pass
30,0.30000000000000004,29,29,2.2587032179088585e-13,333.7274005936533,6.768108383941351e-16,1e-05,True,2.6220309015184315e-14,52.94582701035442,4.952290009570822e-16,1e-05,True,5.3789376242889694e-14,4.3717077088914875,1.2303973601320387e-14,0.0001,True,9.414691248821327e-14,9.462443982046457,9.949534461376223e-15,0.0001,True,7.632783294297951e-17,0.05391028857046041,1.4158305393453704e-15,0.0001,True,9.07180575819552e-14,109.86830015004925,8.256981991899375e-16,1e-05,True,1.2212453270876722e-15,1e-06,True,3.3306690738754696e-16,1.0658141036401503e-14,1.1102230246251565e-15,1.0658141036401503e-14,8.881784197001252e-16,1.0658141036401503e-14,8.881784197001252e-16,1.0658141036401503e-14,1.3322676295501878e-15,1.0658141036401503e-14,1.1102230246251565e-15,1.0658141036401503e-14,True,True,pass
31,0.31,30,30,3.64452764645717e-13,344.35430479318313,1.0583656413547811e-15,1e-05,True,4.8513062229881064e-14,54.562469092023356,8.891287919551522e-16,1e-05,True,7.60032455242871e-14,4.5087225616092725,1.685693552569349e-14,0.0001,True,1.8829382497642655e-13,10.052388031891452,1.8731253148909462e-14,0.0001,True,1.8041124150158794e-16,0.0588836146561484,3.06386152676091e-15,0.0001,True,1.050556346715533e-13,109.4168338347562,9.601414242182396e-16,1e-05,True,6.661338147750939e-16,1e-06,True,5.329070518200751e-15,1.7763568394002505e-14,5.773159728050814e-15,1.7763568394002505e-14,5.329070518200751e-15,2.1316282072803006e-14,5.551115123125783e-15,2.1316282072803006e-14,5.551115123125783e-15,1.7763568394002505e-14,5.551115123125783e-15,1.7763568394002505e-14,True,True,pass
32,0.32,31,31,2.7776419651097446e-13,354.87490051445116,7.827101778917256e-16,1e-05,True,4.703887999869667e-14,56.160788329645264,8.375751373466126e-16,1e-05,True,7.349554651939112e-14,4.644566804145596,1.582398307928121e-14,0.0001,True,1.7763568394002505e-14,10.653592525988316,1.6673782435990631e-15,0.0001,True,1.5265566588595902e-16,0.06424285401220003,2.376227959252386e-15,0.0001,True,1.0591532746354355e-13,108.98393253231247,9.71843509428703e-16,1e-05,True,1.3322676295501878e-15,1e-06,True,2.220446049250313e-15,1.7763568394002505e-14,1.7763568394002505e-15,1.7763568394002505e-14,2.6645352591003757e-15,2.1316282072803006e-14,2.886579864025407e-15,1.7763568394002505e-14,2.6645352591003757e-15,1.7763568394002505e-14,3.3306690738754696e-15,2.1316282072803006e-14,True,True,pass
33,0.33,32,32,4.3905806326160034e-13,365.2611407913599,1.2020387997210847e-15,1e-05,True,4.349241132780331e-14,57.73936746972006,7.532540315861929e-16,1e-05,True,9.074185846879611e-14,4.779128080911771,1.8987115836302134e-14,0.0001,True,3.8546943414985435e-13,11.264951400607643,3.421847289363909e-14,0.0001,True,2.220446049250313e-16,0.0700289698827555,3.1707535509487676e-15,0.0001,True,1.0643620906569208e-13,108.56944234181174,9.803514393174872e-16,1e-05,True,4.718447854656915e-16,1e-06,True,3.552713678800501e-15,1.7763568394002505e-14,3.774758283725532e-15,1.4210854715202004e-14,4.6629367034256575e-15,1.7763568394002505e-14,4.440892098500626e-15,1.7763568394002505e-14,4.440892098500626e-15,1.7763568394002505e-14,4.884981308350689e-15,1.7763568394002505e-14,True,True,pass
34,0.34,33,33,1.5421412701029069e-13,375.47719766303476,4.10715026025861e-16,1e-05,True,1.4455086726492357e-14,59.29653786145843,2.437762346305192e-16,1e-05,True,5.6710716090045004e-14,4.912272063138289,1.154470179198796e-14,0.0001,True,9.059419880941277e-14,11.88520622433627,7.6224338980262e-15,0.0001,True,4.163336342344337e-17,0.07628894151949091,5.457326133277986e-16,0.0001,True,1.0187288067430187e-13,108.17281991195998,9.417604233412281e-16,1e-05,True,2.0261570199409107e-15,1e-06,True,1.7763568394002505e-15,3.552713678800501e-15,1.5543122344752192e-15,3.552713678800501e-15,1.3322676295501878e-15,3.552713678800501e-15,1.5543122344752192e-15,7.105427357601002e-15,2.220446049250313e-15,7.105427357601002e-15,2.220446049250313e-15,7.105427357601002e-15,True,True,pass
35,0.35,34,34,4.1806371535362575e-13,385.4830753830283,1.0845189894218426e-15,1e-05,True,4.98295996671628e-14,60.830309823287486,8.191574202386634e-16,1e-05,True,6.25955548976238e-14,5.043836482676852,1.2410306145452844e-14,0.0001,True,1.1901590823981678e-13,12.51290740298087,9.511451208490872e-15,0.0001,True,2.3592239273284576e-16,0.08307536880072579,2.8398597097866226e-15,0.0001,True,1.2254501860735102e-13,107.79294833250837,1.1368556153537707e-15,1e-05,True,2.7755575615628914e-16,1e-06,True,4.884981308350689e-15,2.1316282072803006e-14,5.551115123125783e-15,1.7763568394002505e-14,5.329070518200751e-15,2.1316282072803006e-14,5.773159728050814e-15,2.1316282072803006e-14,5.329070518200751e-15,1.7763568394002505e-14,5.329070518200751e-15,1.7763568394002505e-14,True,True,pass
36,0.36,35,35,6.921455473023496e-13,395.24794655777515,1.7511679777978952e-15,1e-05,True,5.929048329109094e-15,62.33828163559317,9.51108720604162e-17,1e-05,True,8.136361954049487e-14,5.173622900801698,1.572662350939549e-14,0.0001,True,2.540190280342358e-13,13.14636336658881,1.9322379957929623e-14,0.0001,True,0.0,0.0904443606806655,0.0,0.0001,True,1.5353306305348726e-13,107.42808450386858,1.4291706285422823e-15,1e-05,True,1.0685896612017132e-15,1e-06,True,1.9984014443252818e-15,3.552713678800501e-15,1.3322676295501878e-15,3.552713678800501e-15,8.881784197001252e-16,0.0,8.881784197001252e-16,0.0,8.881784197001252e-16,0.0,1.3322676295501878e-15,0.0,True,True,pass
37,0.37,36,36,4.933582304187835e-13,404.77260386737055,1.218852821819036e-15,1e-05,True,6.673613305887245e-14,63.81748080060329,1.0457343696688442e-15,1e-05,True,5.872084527479074e-14,5.30138186292295,1.1076516801303317e-14,0.0001,True,3.730349362740526e-14,13.78355712567785,2.7063763937910725e-15,0.0001,True,3.885780586188048e-16,0.09845068124691145,3.9469311303622404e-15,0.0001,True,1.5582497839861075e-13,107.07642768926455,1.4552687436567676e-15,1e-05,True,5.412337245047638e-16,1e-06,True,6.661338147750939e-15,2.4868995751603507e-14,6.661338147750939e-15,2.1316282072803006e-14,7.105427357601002e-15,2.842170943040401e-14,7.549516567451064e-15,2.4868995751603507e-14,7.993605777301127e-15,2.842170943040401e-14,8.881784197001252e-15,2.842170943040401e-14,True,True,pass
38,0.38000000000000006,37,37,3.940951785360227e-13,414.10051480788877,9.516896609482676e-16,1e-05,True,3.1599061549095024e-14,65.26406896392596,4.841724098839298e-16,1e-05,True,6.789050151275426e-14,5.426786031722877,1.251025950090769e-14,0.0001,True,2.575717417130363e-13,14.421997282824552,1.7859644310138907e-14,0.0001,True,1.6653345369377348e-16,0.1071400085252765,1.5543535602247489e-15,0.0001,True,1.2412957030154968e-13,106.73752560567932,1.162942176120157e-15,1e-05,True,6.522560269672795e-16,1e-06,True,3.552713678800501e-15,1.0658141036401503e-14,3.552713678800501e-15,1.4210854715202004e-14,2.6645352591003757e-15,1.4210854715202004e-14,2.220446049250313e-15,1.0658141036401503e-14,2.220446049250313e-15,1.0658141036401503e-14,3.1086244689504383e-15,1.4210854715202004e-14,True,True,pass
39,0.38999999999999996,38,38,4.0660823924590626e-13,423.2960760392291,9.605764434448094e-16,1e-05,True,4.8275173011074485e-14,66.67293870634217,7.240594752197773e-16,1e-05,True,6.457920498703953e-14,5.549395377845941,1.1637160553535233e-14,0.0001,True,1.1368683772161603e-13,15.058510382044618,7.549673562477554e-15,0.0001,True,3.469446951953614e-16,0.11653772429464601,2.977102026792373e-15,0.0001,True,1.5140463974762892e-13,106.41341773758968,1.4227965135090896e-15,1e-05,True,2.0816681711721685e-16,1e-06,True,3.1086244689504383e-15,1.4210854715202004e-14,3.9968028886505635e-15,1.4210854715202004e-14,3.9968028886505635e-15,2.1316282072803006e-14,4.440892098500626e-15,2.1316282072803006e-14,4.884981308350689e-15,2.1316282072803006e-14,4.884981308350689e-15,2.1316282072803006e-14,True,True,pass
40,0.4,39,39,1.3492200179151934e-12,432.40979298024246,3.1202346473611007e-15,1e-05,True,2.894085461969652e-14,68.0373624626848,4.253670861443104e-16,1e-05,True,8.922491152210754e-14,5.668629157242619,1.5740121473303266e-14,0.0001,True,7.815970093361102e-14,15.68904554888877,4.9818008807519174e-15,0.0001,True,5.273559366969494e-16,0.12662938546829508,4.164562078120378e-15,0.0001,True,4.1665421463192833e-13,106.1082851087315,3.9266887991354646e-15,1e-05,True,9.922618282587337e-16,1e-06,True,3.1086244689504383e-15,1.0658141036401503e-14,3.1086244689504383e-15,1.0658141036401503e-14,3.552713678800501e-15,1.0658141036401503e-14,2.6645352591003757e-15,1.0658141036401503e-14,3.9968028886505635e-15,1.4210854715202004e-14,3.552713678800501e-15,1.0658141036401503e-14,True,True,pass
41,0.41000000000000003,40,40,1.842265153626783e-11,441.4606472923229,4.1731129715099755e-14,1e-05,True,2.7821364956640673e-13,69.34884647506072,4.011799239753153e-15,1e-05,True,1.1653590729383106e-13,5.783757722948143,2.0148822422393838e-14,0.0001,True,1.7053025658242404e-13,16.308572250430316,1.0456479817105048e-14,0.0001,True,7.022160630754115e-15,0.13732661752744568,5.1134738167935194e-14,0.0001,True,4.861054318877416e-12,105.8271138291341,4.593392130797365e-14,1e-05,True,2.478572902475662e-14,1e-06,True,2.7533531010703882e-14,9.947598300641403e-14,2.886579864025407e-14,1.0658141036401503e-13,3.064215547965432e-14,1.1013412404281553e-13,3.3306690738754696e-14,1.1368683772161603e-13,3.4638958368304884e-14,1.1013412404281553e-13,3.4638958368304884e-14,1.1368683772161603e-13,True,True,pass
42,0.42,41,41,1.4000828574244184e-11,450.43255873368184,3.1083074042438773e-14,1e-05,True,3.837814737761779e-13,70.59733866785992,5.436203134820122e-15,1e-05,True,8.19580995310861e-14,5.893927866311368,1.3905514521062237e-14,0.0001,True,3.197442310920451e-14,16.911161023491832,1.8907290318380755e-15,0.0001,True,1.0408340855860843e-14,0.14841941157324254,7.012789463003967e-14,0.0001,True,3.07000593179169e-12,105.57436133990755,2.907908599046589e-14,1e-05,True,2.7984559114457852e-14,1e-06,True,3.907985046680551e-14,1.4210854715202004e-13,4.04121180963557e-14,1.4566126083082054e-13,4.218847493575595e-14,1.4921397450962104e-13,4.3520742565306136e-14,1.4921397450962104e-13,4.6629367034256575e-14,1.5631940186722204e-13,4.8405723873656825e-14,1.5987211554602254e-13,True,True,pass
43,0.43,42,42,6.642524188471742e-10,459.2738003126095,1.446310280262109e-12,1e-05,True,1.7563098894828306e-11,71.77208057670136,2.447065593432112e-13,1e-05,True,2.1251905950332244e-12,5.998247558949252,3.543019147088198e-13,0.0001,True,8.238743021138362e-12,17.49040894296229,4.710434757703838e-13,0.0001,True,6.082634396165076e-13,0.15952898734324003,3.812870938043239e-12,0.0001,True,1.7961287607537153e-10,105.35343447338703,1.7048601877401816e-12,1e-05,True,1.1477034600471114e-12,1e-06,True,1.900701818158268e-12,6.409095476556104e-12,1.9899637493381306e-12,6.583178446817328e-12,2.0796697697278432e-12,6.753708703399752e-12,2.170708057747106e-12,6.924238959982176e-12,2.263078613395919e-12,7.101874643922201e-12,2.353228722995482e-12,7.265299473147024e-12,True,True,pass
44,0.44,43,43,1.4912047631419976e-08,467.9047909825887,3.1869833177183415e-11,1e-05,True,3.774663812289515e-10,72.86397862709677,5.1804250651854834e-12,1e-05,True,4.572461136758594e-11,6.096000233704879,7.500756170377729e-12,0.0001,True,1.7749002267919423e-10,18.04065254773144,9.838337178192209e-12,0.0001,True,1.4533846348641077e-11,0.1701040422855301,8.544092282207569e-11,0.0001,True,5.733258128159076e-09,105.16760826644094,5.451543705010323e-11,1e-05,True,5.1834300740516426e-12,1e-06,True,4.250333418553964e-11,1.3726975112149375e-10,4.4493742024087624e-11,1.4093615163801587e-10,4.6497472538931106e-11,1.445989994408592e-10,4.851319346244054e-11,1.482547418163449e-10,5.0539128437776526e-11,1.5190337876447302e-10,5.257305701888981e-11,1.5553780485788593e-10,True,True,pass
45,0.45,44,44,3.7873123184200535e-07,476.240690086624,7.952517282240572e-10,1e-05,True,1.3737047887708387e-08,73.87116516771943,1.8595953991681814e-10,1e-05,True,1.6732240419240032e-09,6.187112661002235,2.7043697659983484e-10,0.0001,True,6.492591353435273e-09,18.559792083514715,3.4982026329929415e-10,0.0001,True,6.241852312793839e-10,0.17957314522483464,3.4759386237729056e-09,0.0001,True,1.4868497792618797e-07,105.01894218933819,1.4157919973915227e-09,1e-05,True,7.211861819539367e-10,1e-06,True,1.571997643168288e-09,4.985970747384272e-09,1.6455423690331372e-09,5.119488832860952e-09,1.7196324364476823e-09,5.252996260196596e-09,1.7942154428851609e-09,5.386283419284155e-09,1.8691745928833825e-09,5.519197543435439e-09,1.944450822577437e-09,5.651532575257079e-09,True,True,pass
46,0.45999999999999996,45,45,2.4747530120572262e-09,484.22884227886175,5.110709639703875e-12,1e-05,True,1.798311683634199e-10,74.80416704559697,2.4040260785713127e-12,1e-05,True,2.2187570918044034e-11,6.272558155216876,3.5372443537395774e-12,0.0001,True,8.523315386810282e-11,19.05197720155353,4.4737169778448384e-12,0.0001,True,9.842182624453244e-12,0.18766844133291305,5.2444526924981366e-11,0.0001,True,1.0616024741109271e-09,104.90373067024058,1.0119778079656856e-11,1e-05,True,1.8230700369464836e-11,1e-06,True,2.0867307881644592e-11,6.514611072816479e-11,2.184430414331473e-11,6.690115128549223e-11,2.283062627839172e-11,6.865619184281968e-11,2.382272157319676e-11,7.040412697278953e-11,2.48183695816806e-11,7.214850938908057e-11,2.582023483910234e-11,7.388933909169282e-11,True,True,pass
47,0.47,46,46,1.7540021396325901e-09,491.8808209492591,3.565908783041426e-12,1e-05,True,1.1376456266497683e-10,75.68070037115587,1.5032176249301182e-12,1e-05,True,1.3678235713686709e-11,6.353885612446469,2.1527355933025854e-12,0.0001,True,5.4289017725750455e-11,19.5251777553421,2.7804621502560686e-12,0.0001,True,7.03184732664397e-12,0.1945069772133908,3.615215982164707e-11,0.0001,True,9.486647697842174e-10,104.81373713478114,9.05095835447904e-12,1e-05,True,8.244562584719395e-12,1e-06,True,1.339950372880594e-11,4.11155554047582e-11,1.4028778139163478e-11,4.2231107499901555e-11,1.4662493441619517e-11,4.334665959504491e-11,1.5303758260643008e-11,4.446221169018827e-11,1.594901988255515e-11,4.5577763785331626e-11,1.659561377209684e-11,4.668976316679618e-11,True,True,pass
48,0.48000000000000004,47,47,5.390072102661948e-09,499.25244922968574,1.0796285748779963e-11,1e-05,True,4.0301993746854573e-10,76.51676952054534,5.267079883192557e-12,1e-05,True,4.8583122835382206e-11,6.432467355364849,7.552797418375173e-12,0.0001,True,1.922373371598951e-10,19.986786203257516,9.618221519203703e-12,0.0001,True,2.767000517600593e-11,0.2003667946166001,1.38096760139085e-10,0.0001,True,2.2801730657681215e-09,104.74128045663576,2.1769574095593976e-11,1e-05,True,1.8970992528635766e-11,1e-06,True,4.8124615403821736e-11,1.454125708733045e-10,5.0383253125119154e-11,1.4937029391148826e-10,5.2662318950069675e-11,1.5331735880863562e-10,5.49591483434142e-11,1.5726442370578297e-10,5.7269744502264075e-11,1.6120083046189393e-10,5.95905547129405e-11,1.6512302636328968e-10,True,True,pass
49,0.49,48,48,3.7546002427490575e-09,506.40324596516064,7.414249953301772e-12,1e-05,True,2.038701481825994e-10,77.32358343054526,2.6365843270277647e-12,1e-05,True,2.4283023628434915e-11,6.509252219392722,3.7305396703003146e-12,0.0001,True,9.753620133778895e-11,20.44199823519159,4.77136335771114e-12,0.0001,True,1.483874134677876e-11,0.20550648580527706,7.220570819764233e-11,0.0001,True,1.800985303611781e-09,104.68091096723929,1.7204524559166414e-11,1e-05,True,3.80872763883211e-12,1e-06,True,2.467537285610888e-11,7.342748631344875e-11,2.5830892980138742e-11,7.542766411461344e-11,2.7000623958883807e-11,7.743139462945692e-11,2.8180124900245573e-11,7.9424467003264e-11,2.936406673370584e-11,8.140688123603468e-11,3.055333763768431e-11,8.340350632352056e-11,True,True,pass
50,0.5,49,49,2.505738696266608e-09,513.3804318691883,4.880861327618895e-12,1e-05,True,1.0080615069228941e-10,78.10831672164979,1.2905943300702104e-12,1e-05,True,1.2261937864612957e-11,6.584840023114844,1.8621466613569545e-12,0.0001,True,4.829203703593521e-11,20.894105603202274,2.311275627348886e-12,0.0001,True,8.2903128806322e-12,0.21011307803679163,3.945643440233898e-11,0.0001,True,8.111044649247173e-10,104.62880880310807,7.752209684916368e-12,1e-05,True,6.434356086132409e-13,1e-06,True,1.233990687410369e-11,3.624833766480151e-11,1.2919887382167872e-11,3.723599206750805e-11,1.3504752871540404e-11,3.822719918389339e-11,1.4092726985381887e-11,3.922195901395753e-11,1.468691834816127e-11,4.020250798930647e-11,1.5282886067780055e-11,4.118305696465541e-11,True,True,pass
51,0.51,50,50,9.564229107273732e-10,520.2181782142425,1.8385034410187175e-12,1e-05,True,4.2430008021738355e-12,78.87550385209215,5.379364435034656e-14,1e-05,True,5.48760439067895e-13,6.659603969709082,8.240136223774086e-14,0.0001,True,2.163602630389505e-12,21.345136984206132,1.0136278965979068e-13,0.0001,True,1.308397834520747e-13,0.214312817736369,6.10508437311592e-13,0.0001,True,5.045322881335129e-10,104.58217340166914,4.824266619472077e-12,1e-05,True,4.1176805888609724e-14,1e-06,True,5.404565683875262e-13,1.4885870314174099e-12,5.688782778179302e-13,1.538325022920617e-12,5.986322548778844e-13,1.5916157281026244e-12,6.270539643082884e-13,1.6413537196058314e-12,6.590283874174929e-13,1.6981971384666394e-12,6.910028105266974e-13,1.7408297026122455e-12,True,True,pass
52,0.52,51,51,7.102882749091654e-10,526.9409669276132,1.347946581285146e-12,1e-05,True,4.145956327736481e-11,79.62806434161607,5.206652154634478e-13,1e-05,True,5.225308461071423e-12,6.733778920199871,7.759845582985558e-13,0.0001,True,1.9262813566456316e-11,21.79634367777402,8.837635270955481e-13,0.0001,True,4.273525977538384e-12,0.2181891075733678,1.958633968976374e-11,0.0001,True,2.6621055806768295e-10,104.53906861458533,2.5465174082346965e-12,1e-05,True,4.2649477699496785e-14,1e-06,True,5.205613717862434e-12,1.4871659459458897e-11,5.448530515650418e-12,1.5273116105163353e-11,5.694111848697503e-12,1.567457275086781e-11,5.9392490925347374e-12,1.6072476682893466e-11,6.187050871631072e-12,1.6477486042276723e-11,6.433964472307707e-12,1.687538997430238e-11,True,True,pass
53,0.53,52,52,2.2556277537893525e-09,533.5671564884242,4.227448647016355e-12,1e-05,True,2.7883815733768612e-11,80.3680735247755,3.4695140135681764e-13,1e-05,True,4.52713116612051e-12,6.807525206200661,6.650186417226858e-13,0.0001,True,1.2025935802739696e-11,22.24857636699409,5.405260815060622e-13,0.0001,True,4.28218571713046e-12,0.22180408269854635,1.93061627407029e-11,0.0001,True,5.672911662532121e-10,104.49837479441682,5.428708028897704e-12,1e-05,True,5.6017582066025806e-14,1e-06,True,3.5149660959632456e-12,9.993783578465809e-12,3.6779468359782186e-12,1.0267342531733448e-11,3.842259843622742e-12,1.0537348771322286e-11,4.009237386526365e-12,1.0807355010911124e-11,4.177991286269389e-12,1.1077361250499962e-11,4.346745186012413e-12,1.1340262062731199e-11,True,True,pass
54,0.54,53,53,2.5166159033760197e-09,540.1103422903328,4.659447720820034e-12,1e-05,True,2.6852915896955267e-11,81.09710578086033,3.311205207435751e-13,1e-05,True,4.905972918058762e-12,6.8809580148440705,7.129781794156082e-13,0.0001,True,1.0537348771322286e-11,22.7024521198287,4.641502475461137e-13,0.0001,True,5.23478482783446e-12,0.2252098000697343,2.324403656596451e-11,0.0001,True,6.01676331657499e-10,104.45954163059189,5.75989825597026e-12,1e-05,True,2.0697202632313783e-14,1e-06,True,3.419486915845482e-12,9.610090501155355e-12,3.5784708529718046e-12,9.869438599707792e-12,3.740119325357227e-12,1.0132339411939029e-11,3.90354415458205e-12,1.0388134796812665e-11,4.0678571622265736e-12,1.0651035609043902e-11,4.232170169871097e-12,1.0913936421275139e-11,True,True,pass
55,0.55,54,54,2.3192716625858894e-09,546.580233091044,4.243241014168853e-12,1e-05,True,2.8068150104205462e-11,81.81630563396826,3.4306303476690114e-13,1e-05,True,5.5864448627748996e-12,6.95415584611796,8.033246574267441e-13,0.0001,True,9.666933920016163e-12,23.15838278798461,4.1742698566290693e-13,0.0001,True,6.580930245192462e-12,0.22844703574061387,2.880724726349552e-11,0.0001,True,6.022939550372808e-10,104.42225978638244,5.767869382154714e-12,1e-05,True,2.4770441774124574e-14,1e-06,True,3.623323863166661e-12,1.0011547146859812e-11,3.793410030539235e-12,1.028865881380625e-11,3.965716643961059e-12,1.056577048075269e-11,4.1389114358025836e-12,1.0835776720341528e-11,4.312994406063808e-12,1.1119993814645568e-11,4.489741911584133e-12,1.1397105481592007e-11,True,True,pass
56,0.56,55,55,2.0227807461095704e-09,552.983916046429,3.6579377580662505e-12,1e-05,True,2.1305850603409135e-11,82.52648846697726,2.581698433943983e-13,1e-05,True,5.974397369435024e-12,7.02717007136275,8.501853959365514e-13,0.0001,True,4.931166586175095e-12,23.6166208398595,2.0880068404419672e-13,0.0001,True,7.68943242412945e-12,0.23154568813713652,3.3209136762569573e-11,0.0001,True,5.43529418691925e-10,104.38629845684622,5.206903843962075e-12,1e-05,True,7.191052224173045e-15,1e-06,True,2.786215702599293e-12,7.577938276881468e-12,2.9176661087149114e-12,7.787548383930698e-12,3.05000469325023e-12,8.007816632016329e-12,3.1858959914643492e-12,8.213874025386758e-12,3.3226754680981685e-12,8.427036846114788e-12,3.4585667663122877e-12,8.633094239485217e-12,True,True,pass
57,0.57,56,56,9.07785309013646e-09,559.3267809487378,1.6229963233189872e-11,1e-05,True,5.70020034490765e-11,83.22825819196616,6.848876173474789e-13,1e-05,True,7.232585251239452e-12,7.100034731529306,1.0186689959587838e-12,0.0001,True,2.658850917214295e-11,24.077317155770107,1.1042970028648328e-12,0.0001,True,9.342332463191383e-12,0.23452813490846708,3.9834591559079085e-11,0.0001,True,2.6163411398618027e-09,104.35146838621382,2.507239409586933e-11,1e-05,True,8.884052890047178e-14,1e-06,True,7.424283410273347e-12,2.0257573396520456e-11,7.779554778153397e-12,2.0833113012486137e-11,8.143707930230448e-12,2.140865262845182e-11,8.512301974406e-12,2.19912976717751e-11,8.883560553840653e-12,2.255973186038318e-11,9.257483668534405e-12,2.312816604899126e-11,True,True,pass
58,0.58,57,57,1.3023907080985345e-10,565.6130014320246,2.302618052981683e-13,1e-05,True,1.5367283448513666e-13,83.92208620692567,1.83113696799943e-15,1e-05,True,6.981052949795841e-14,7.172772994099807,9.732711401208888e-15,0.0001,True,9.947598300641403e-14,24.540560617413192,4.053533436225946e-15,0.0001,True,2.1538326677728037e-14,0.23741208076276632,9.072127504434023e-14,0.0001,True,3.627560908266054e-11,104.31761332036625,3.47741938566556e-13,1e-05,True,7.71911289228211e-15,1e-06,True,1.9539925233402755e-14,4.973799150320701e-14,2.1316282072803006e-14,4.973799150320701e-14,2.042810365310288e-14,5.684341886080802e-14,2.220446049250313e-14,6.394884621840902e-14,2.5757174171303632e-14,6.394884621840902e-14,2.7533531010703882e-14,6.394884621840902e-14,True,True,pass
59,0.5900000000000001,58,58,6.401280116350083e-11,571.845801400656,1.1194066828279663e-13,1e-05,True,7.690655851907836e-13,84.60835041642467,9.0897125568056e-15,1e-05,True,1.5563736275953448e-13,7.245400508043189,2.1480850173397583e-14,0.0001,True,4.725109192804666e-13,25.006397130648885,1.889560166591682e-14,0.0001,True,2.930988785010413e-14,0.2402118681048832,1.2201681824191393e-13,0.0001,True,1.7336068333787107e-11,104.28458950827866,1.6623806466065516e-13,1e-05,True,3.2550703668934866e-14,1e-06,True,1.0302869668521453e-13,2.7000623958883807e-13,1.092459456231154e-13,2.8421709430404007e-13,1.127986593019159e-13,2.8421709430404007e-13,1.1901590823981678e-13,2.913225216616411e-13,1.234568003383174e-13,3.055333763768431e-13,1.2789769243681803e-13,3.126388037344441e-13,True,True,pass
60,0.6,59,59,7.529911054770333e-11,578.0276673572546,1.3026904212383333e-13,1e-05,True,5.424734656594288e-13,85.28735334427076,6.360538161732859e-15,1e-05,True,1.167332546744319e-13,7.31792713369135,1.5951683112147723e-14,0.0001,True,5.080380560684716e-13,25.4748377116865,1.9942739648363327e-14,0.0001,True,5.800915303666443e-15,0.24293880430119785,2.387809275818454e-14,0.0001,True,3.429303375711899e-11,104.25225873629351,3.2894283704551043e-13,1e-05,True,2.944186235954993e-14,1e-06,True,7.460698725481052e-14,1.9184653865522705e-13,7.815970093361102e-14,1.9895196601282805e-13,8.171241461241152e-14,1.9895196601282805e-13,8.43769498715119e-14,2.0605739337042905e-13,8.881784197001252e-14,2.1316282072803006e-13,9.237055564881302e-14,2.2026824808563106e-13,True,True,pass
61,0.61,60,60,3.723438078253087e-10,584.1605178252245,6.373998181381896e-13,1e-05,True,6.511729011496736e-13,85.95934296437756,7.575359218596243e-15,1e-05,True,9.562818105095713e-14,7.390358686921818,1.2939585898609142e-14,0.0001,True,3.446132268436486e-13,25.94586919438729,1.3282007407876575e-14,0.0001,True,6.294964549624638e-14,0.24560200360075274,2.5630754054668243e-13,0.0001,True,1.0869447248478445e-10,104.22053343189708,1.0429276161382428e-12,1e-05,True,7.820079219594822e-15,1e-06,True,8.79296635503124e-14,2.2737367544323206e-13,9.237055564881302e-14,2.4158453015843406e-13,9.681144774731365e-14,2.4158453015843406e-13,1.0036416142611415e-13,2.4868995751603507e-13,1.056932319443149e-13,2.5579538487363607e-13,1.1102230246251565e-13,2.6290081223123707e-13,True,True,pass
62,0.62,61,61,9.204322666486127e-11,590.245818688735,1.5594049758682e-13,1e-05,True,2.0901085907035833e-13,86.62453618390617,2.4128366889794686e-15,1e-05,True,1.7093738317524652e-13,7.462698675177136,2.2905572181793755e-14,0.0001,True,3.836930773104541e-13,26.419466893103422,1.4523119594461383e-14,0.0001,True,2.0167201242315969e-13,0.24821005624312475,8.125054056054018e-13,0.0001,True,5.706520563019797e-11,104.18941930854785,5.477063410940448e-13,1e-05,True,1.3601126518450468e-14,1e-06,True,3.2862601528904634e-14,7.105427357601002e-14,3.552713678800501e-14,7.105427357601002e-14,3.552713678800501e-14,7.815970093361102e-14,3.6415315207705135e-14,7.815970093361102e-14,3.730349362740526e-14,8.526512829121202e-14,4.085620730620576e-14,7.815970093361102e-14,True,True,pass
63,0.63,62,62,2.0767420073425125e-10,596.2848217979913,3.4828020627465656e-13,1e-05,True,1.484268119313596e-13,87.28312610776892,1.7005212639622494e-15,1e-05,True,1.8267516254134817e-13,7.534948715940206,2.4243716769418528e-14,0.0001,True,6.039613253960852e-14,26.895595595250498,2.2455770620775502e-15,0.0001,True,2.2470914018413168e-13,0.25077205509440614,8.960693012606099e-13,0.0001,True,6.228536878307737e-11,104.15893101837878,5.979839479351718e-13,1e-05,True,1.5200766535251875e-13,1e-06,True,2.5757174171303632e-14,4.973799150320701e-14,2.7533531010703882e-14,4.973799150320701e-14,2.842170943040401e-14,5.684341886080802e-14,2.842170943040401e-14,4.973799150320701e-14,3.019806626980426e-14,5.684341886080802e-14,3.108624468950438e-14,5.684341886080802e-14,True,True,pass
64,0.64,63,63,3.222419202137111e-09,602.2790295842816,5.3503758953077955e-12,1e-05,True,1.3639711197734796e-12,87.93526754501212,1.5511081706498396e-14,1e-05,True,2.337944538534658e-13,7.607107406116999,3.073368645557284e-14,0.0001,True,1.6342482922482304e-13,27.374195216839937,5.970032285160591e-15,0.0001,True,7.166489623955385e-14,0.253296144390364,2.8292928189664206e-13,0.0001,True,9.936780128121749e-10,104.12889093998625,9.542769579528819e-12,1e-05,True,1.2671802626304518e-14,1e-06,True,1.6964207816272392e-13,4.689582056016661e-13,1.8030021919912542e-13,4.902744876744691e-13,1.936228954946273e-13,5.044853423896711e-13,2.078337502098293e-13,5.258016244624741e-13,2.2115642650533118e-13,5.471179065352771e-13,2.362554596402333e-13,5.684341886080801e-13,True,True,pass
65,0.65,64,64,7.947571851282761e-10,608.2302880721394,1.3066715037282286e-12,1e-05,True,6.743613605602145e-12,88.58107123350207,7.612928486522587e-14,1e-05,True,7.047247635136327e-13,7.67917029882237,9.177095129947892e-14,0.0001,True,5.140776693224325e-12,27.85517762371614,1.8455372149009104e-13,0.0001,True,3.1818991885756986e-13,0.25578626644347174,1.2439679552846096e-12,0.0001,True,1.70446988676896e-10,104.09890826682906,1.6373561597783696e-12,1e-05,True,2.4981671462379063e-14,1e-06,True,9.734435479913373e-13,2.3376856006507296e-12,1.0231815394945443e-12,2.4158453015843406e-12,1.0729195309977513e-12,2.4868995751603507e-12,1.1226575225009583e-12,2.5579538487363607e-12,1.1732836924238654e-12,2.6219026949547697e-12,1.2247980407664727e-12,2.7000623958883807e-12,True,True,pass
66,0.6599999999999999,65,65,2.2578564998950035e-10,614.1400091577539,3.6764523825625384e-13,1e-05,True,1.5911790135081118e-12,89.22063808023113,1.7834203472936986e-14,1e-05,True,2.1031613812320158e-13,7.7511330175877236,2.7133599390693378e-14,0.0001,True,1.2008172234345693e-12,28.338457119143822,4.2374121441613937e-14,0.0001,True,8.970602038971265e-14,0.2582429118785833,3.473706973684113e-13,0.0001,True,8.773701962443807e-11,104.0687002991589,8.430682748244831e-13,1e-05,True,4.7006073079086663e-14,1e-06,True,2.282618538629322e-13,5.613287612504791e-13,2.389199948993337e-13,5.755396159656812e-13,2.4868995751603507e-13,5.897504706808832e-13,2.611244553918368e-13,6.039613253960852e-13,2.7000623958883807e-13,6.181721801112872e-13,2.8066438062523957e-13,6.323830348264892e-13,True,True,pass
67,0.67,66,66,2.1433521653332554e-10,620.0087639957004,3.456970755574866e-13,1e-05,True,4.755621113784371e-13,89.85408197948392,5.292604419318653e-15,1e-05,True,2.444625036346373e-13,7.822992901815216,3.1249229892297766e-14,0.0001,True,5.648814749292796e-13,28.823967645096708,1.959763075939244e-14,0.0001,True,2.8133051444001467e-13,0.26066687433868385,1.079272213447738e-12,0.0001,True,6.710012047817624e-11,104.03824068405669,6.44956316417786e-13,1e-05,True,2.7926079959779415e-14,1e-06,True,7.194245199571014e-14,1.7053025658242404e-13,7.37188088351104e-14,1.7053025658242404e-13,7.638334409421077e-14,1.7763568394002505e-13,7.993605777301127e-14,1.7763568394002505e-13,8.171241461241152e-14,1.8474111129762605e-13,8.43769498715119e-14,1.8474111129762605e-13,True,True,pass
68,0.6799999999999999,67,67,4.077546726598725e-10,625.8367201942464,6.515352319584478e-13,1e-05,True,4.2212121902305707e-13,90.48151538709239,4.665275744080593e-15,1e-05,True,1.1343664789613141e-13,7.894747661553325,1.4368622375171933e-14,0.0001,True,1.2079226507921703e-13,29.311648619153182,4.120964557424704e-15,0.0001,True,1.5093482019779003e-13,0.2630596843608504,5.737664460615187e-13,0.0001,True,1.4502827123375838e-10,104.00760035648848,1.3944007047241797e-12,1e-05,True,1.0725604161331698e-13,1e-06,True,6.217248937900877e-14,1.5631940186722204e-13,6.394884621840902e-14,1.4921397450962104e-13,6.572520305780927e-14,1.5631940186722204e-13,6.838973831690964e-14,1.6342482922482304e-13,6.927791673660977e-14,1.6342482922482304e-13,7.194245199571014e-14,1.6342482922482304e-13,True,True,pass
69,0.69,68,68,1.5945123629016996e-10,631.6240492306346,2.5244642993627857e-13,1e-05,True,5.256628282653348e-13,91.10303914164871,5.769981256586011e-15,1e-05,True,1.4423082050084634e-13,7.966394502758202,1.8104905607035822e-14,0.0001,True,1.5631940186722204e-13,29.80143507665654,5.245364911626924e-15,0.0001,True,2.282618538629322e-13,0.26542263328939153,8.599939313165401e-13,0.0001,True,7.243939936871451e-11,103.97683666445003,6.966878556085342e-13,1e-05,True,2.725105568718994e-14,1e-06,True,7.549516567451064e-14,1.9184653865522705e-13,7.904787935331115e-14,1.9184653865522705e-13,8.260059303211165e-14,1.9895196601282805e-13,8.526512829121202e-14,1.9895196601282805e-13,8.704148513061227e-14,1.9895196601282805e-13,8.881784197001252e-14,2.0605739337042905e-13,True,True,pass
70,0.7000000000000001,69,69,4.705375540910345e-10,637.3710422591397,7.382474616719805e-13,1e-05,True,6.672277444775306e-13,91.71874788387582,7.274714928754815e-15,1e-05,True,4.1025681896899374e-13,8.037930444454355,5.104010563465923e-14,0.0001,True,1.0196288258157438e-12,30.293260721066922,3.365860265767497e-14,0.0001,True,4.750089210858732e-13,0.2677569007373718,1.7740305470288652e-12,0.0001,True,1.5014155799842848e-10,103.94599638402302,1.4444188638467457e-12,1e-05,True,1.1185988929834217e-13,1e-06,True,1.0835776720341528e-13,2.2737367544323206e-13,1.127986593019159e-13,2.3447910280083306e-13,1.1723955140041653e-13,2.4158453015843406e-13,1.2256862191861728e-13,2.4868995751603507e-13,1.2789769243681803e-13,2.4868995751603507e-13,1.3322676295501878e-13,2.6290081223123707e-13,True,True,pass
71,0.71,70,70,3.3578419571928956e-10,643.0780685277421,5.221515274001356e-13,1e-05,True,1.2193366742980157e-12,92.32873849268854,1.3206469558712473e-14,1e-05,True,1.865794917747861e-13,8.109352861793658,2.3007938482222827e-14,0.0001,True,6.501466032204917e-13,30.787063907700794,2.1117525372657245e-14,0.0001,True,3.120836922221315e-13,0.27006427661442095,1.1555904251183246e-12,0.0001,True,8.46673736442208e-11,103.91514445230894,8.147741514527582e-13,1e-05,True,4.3807432724765616e-14,1e-06,True,1.829647544582258e-13,4.334310688136611e-13,1.8918200339612667e-13,4.405364961712621e-13,1.9628743075372768e-13,4.547473508864641e-13,2.0250467969162855e-13,4.618527782440651e-13,2.0872192862952943e-13,4.689582056016661e-13,2.1405099914773018e-13,4.760636329592671e-13,True,True,pass
72,0.7200000000000001,71,71,3.1939703122671476e-09,648.7454944693033,4.923302496119727e-12,1e-05,True,3.793455364591806e-12,92.9331119822248,4.081920086047883e-14,1e-05,True,1.180229260274199e-12,8.180659611432915,1.442706720891754e-13,0.0001,True,1.7763568394002505e-13,31.282789190182193,5.6783838186581625e-15,0.0001,True,1.5716872248106029e-12,0.2723474190718963,5.770890835560652e-12,0.0001,True,7.157539243328064e-10,103.88436789398267,6.889909799164936e-12,1e-05,True,9.183111085789286e-15,1e-06,True,5.346834086594754e-13,1.3500311979441904e-12,5.586642259913788e-13,1.3784529073745944e-12,5.826450433232822e-13,1.4139800441625994e-12,6.075140390748857e-13,1.4424017535930034e-12,6.306066779870889e-13,1.4708234630234074e-12,6.554756737386924e-13,1.5134560271690134e-12,True,True,pass
73,0.73,72,72,4.5476793638460555e-09,654.3736346232406,6.949667778813259e-12,1e-05,True,1.1327825440859447e-11,93.53196915522857,1.2111180319596858e-13,1e-05,True,1.521867044794916e-12,8.251848766935245,1.844274038192463e-13,0.0001,True,5.446310069601168e-12,31.78038430518513,1.7137332315747279e-13,0.0001,True,1.904365554139531e-12,0.274609431138638,6.934814824979926e-12,0.0001,True,1.1223782279614843e-09,103.85375760001061,1.0807295315055308e-11,1e-05,True,3.3960017415367305e-14,1e-06,True,1.674216321134736e-12,3.97193389289896e-12,1.7505996652289468e-12,4.071409875905374e-12,1.8269830093231576e-12,4.170885858911788e-12,1.9060308886764687e-12,4.277467269275803e-12,1.9824142327706795e-12,4.376943252282217e-12,2.0605739337042905e-12,4.483524662646232e-12,False,True,fail
74,0.74,73,73,1.757299896094581e-10,659.9627477578965,2.6627258918244827e-13,1e-05,True,2.0764606624205674e-12,94.12540571366874,2.2060575959026407e-14,1e-05,True,3.7903318957198194e-13,8.322918324035822,4.554089981603796e-14,0.0001,True,1.8118839761882555e-12,32.27979655686184,5.613058846255635e-14,0.0001,True,4.6906922790412864e-14,0.27685327110290275,1.69428819112555e-13,0.0001,True,4.458886830066122e-11,103.82339047419843,4.2946842803926906e-13,1e-05,True,4.548832556287852e-14,1e-06,True,3.1796787425264483e-13,7.318590178329032e-13,3.312905505481467e-13,7.531752999057062e-13,3.419486915845482e-13,7.602807272633072e-13,3.5438318946034997e-13,7.815970093361102e-13,3.659295089164516e-13,7.958078640513122e-13,3.7836400679225335e-13,8.100187187665142e-13,True,True,pass
75,0.7500000000000001,74,74,8.100932267254146e-10,665.5130554078498,1.2172461834410761e-12,1e-05,True,7.405492491474872e-12,94.71351003399118,7.81883438679145e-14,1e-05,True,3.81510798569412e-13,8.39386606894996,4.5451141992921684e-14,0.0001,True,4.781952611665474e-12,32.780970955090645,1.45875868601228e-13,0.0001,True,9.330314298949816e-13,0.27908139305122753,3.3432233503425165e-12,0.0001,True,3.521590995770807e-10,103.79332114824992,3.392887862929883e-12,1e-05,True,4.974858957944306e-14,1e-06,True,1.163513729807164e-12,2.5153212845907547e-12,1.2230216839270724e-12,2.5934809855243657e-12,1.2860823517257813e-12,2.6716406864579767e-12,1.3491430195244902e-12,2.7569058147491887e-12,1.4104273304837989e-12,2.8350655156827997e-12,1.4734879982825078e-12,2.9203306439740118e-12,True,True,pass
76,0.76,75,75,1.0391578481288553e-09,671.024762195134,1.5486132653725649e-12,1e-05,True,3.9855880456859425e-11,95.29636310633089,4.1823086587668164e-13,1e-05,True,4.163845974650143e-12,8.46468957308143,4.919076994733033e-13,0.0001,True,3.2649438708176604e-11,33.28384982930391,9.809393707644735e-13,0.0001,True,1.0433320873914909e-12,0.2812956195423672,3.709023585539163e-12,0.0001,True,4.2066954793069067e-10,103.7635789488277,4.0541156366450034e-12,1e-05,True,1.1669529546235596e-13,1e-06,True,6.354028414534696e-12,1.3507417406799505e-11,6.674660824046441e-12,1.3933743048255565e-11,6.997957768817287e-12,1.4367174117069226e-11,7.328360140945733e-12,1.4793499758525286e-11,7.65965069149388e-12,1.5219825399981346e-11,7.994493955720827e-12,1.5646151041437406e-11,True,False,fail
77,0.7699999999999999,76,76,4.385412280628522e-10,676.4980712399769,6.482520005696908e-13,1e-05,True,5.388681313821545e-12,95.8740391686809,5.620584425717887e-14,1e-05,True,4.2473260063857953e-13,8.535386222331582,4.976138039627653e-14,0.0001,True,3.723243935382925e-12,33.78837289723199,1.1019305211018139e-13,0.0001,True,7.478462293875054e-13,0.2834970969255085,2.637932583782362e-12,0.0001,True,1.7033379163575305e-10,103.73416425843695,1.6420221134803174e-12,1e-05,True,3.424326523292914e-14,1e-06,True,8.570921750106208e-13,1.8332002582610585e-12,8.952838470577262e-13,1.8900436771218665e-12,9.396927680427325e-13,1.9539925233402755e-12,9.823253321883385e-13,2.0037305148434825e-12,1.0240697179142444e-12,2.0605739337042905e-12,1.0675904604795505e-12,2.1103119252074976e-12,True,True,pass
78,0.78,77,77,2.4891722472660468e-09,681.9331968863162,3.6501702199445965e-12,1e-05,True,7.045081109338386e-12,96.4466061370331,7.304643876559644e-14,1e-05,True,1.0165716313948993e-12,8.605953228076274,1.18124233824373e-13,0.0001,True,4.831690603168681e-12,34.29447715350377,1.4088830051386396e-13,0.0001,True,1.815214645262131e-13,0.2856862195854263,6.353875408818391e-13,0.0001,True,6.234172377325299e-10,103.70504199773225,6.0114457862729795e-12,1e-05,True,2.301103101468027e-13,1e-06,True,1.0755840662568517e-12,2.4655832930875476e-12,1.1191048088221578e-12,2.5295321393059567e-12,1.162625551387464e-12,2.5863755581667647e-12,1.2114753644709708e-12,2.6503244043851737e-12,1.2576606422953773e-12,2.7071678232459817e-12,1.304734098539484e-12,2.7569058147491887e-12,True,True,pass
79,0.79,78,78,3.8512359845551826e-10,687.3303797039455,5.603180214752081e-13,1e-05,True,3.13891602629314e-13,97.0141257878183,3.2355247246760035e-15,1e-05,True,1.5592879079083495e-13,8.676387623238785,1.797162569975507e-14,0.0001,True,9.237055564881302e-14,34.80209661193018,2.6541664049386134e-15,0.0001,True,3.6193270602780103e-14,0.2878625133465459,1.257311005243969e-13,0.0001,True,1.769476790280263e-10,103.67613510501847,1.7067349091359125e-12,1e-05,True,7.080725166353635e-14,1e-06,True,4.3520742565306136e-14,1.2079226507921703e-13,4.3520742565306136e-14,1.2079226507921703e-13,4.1744385725905886e-14,1.2079226507921703e-13,4.263256414560601e-14,1.2079226507921703e-13,4.263256414560601e-14,1.2079226507921703e-13,4.263256414560601e-14,1.2079226507921703e-13,True,True,pass
80,0.7999999999999999,79,79,2.7492505293961096e-09,692.689904837916,3.968948457592164e-12,1e-05,True,1.7445332847797422e-11,97.57665456232303,1.7878592913487253e-13,1e-05,True,1.8169824204812888e-12,8.746686307532217,2.0773380416267961e-13,0.0001,True,1.369215851809713e-11,35.31116273415155,3.877572262681291e-13,0.0001,True,4.2837955405161665e-13,0.2900246213052456,1.477045473324677e-12,0.0001,True,7.592962395596186e-10,103.64732730458483,7.325767671059196e-12,1e-05,True,1.4192341963106814e-13,1e-06,True,2.752464922650688e-12,6.0609295360336546e-12,2.8688162956314045e-12,6.210143510543276e-12,2.9878322038712213e-12,6.359357485052897e-12,3.106848112111038e-12,6.508571459562518e-12,3.2240876635114546e-12,6.643574579356937e-12,3.3431035717512714e-12,6.792788553866558e-12,True,True,pass
81,0.81,80,80,3.518376197899467e-09,698.0121134755173,5.040566101898852e-12,1e-05,True,1.0417210502495848e-11,98.1342462271957,1.0615265213713897e-13,1e-05,True,1.77070417915022e-12,8.816846227936495,2.0083192259151354e-13,0.0001,True,7.979394922585925e-12,35.82160672874215,2.2275368559008565e-13,0.0001,True,2.6673108166619386e-13,0.29217064339584786,9.129290970715796e-13,0.0001,True,1.00650300592303e-09,103.618486566183,9.713546677601379e-12,1e-05,True,3.0012193359858774e-14,1e-06,True,1.595168441781425e-12,3.716138508025324e-12,1.6502355038028327e-12,3.780087354243733e-12,1.7035262089848402e-12,3.851141627819743e-12,1.758593271006248e-12,3.915090474038152e-12,1.8118839761882555e-12,3.979039320256561e-12,1.865174681370263e-12,4.050093593832571e-12,True,True,pass
82,0.82,81,81,1.050875235099894e-10,703.2973904294673,1.4942117650375168e-13,1e-05,True,1.0780872687365823e-12,98.68695624625387,1.0924313706123713e-14,1e-05,True,3.163884356052532e-13,8.886864681482496,3.560180636760564e-14,0.0001,True,1.2576606422953773e-12,36.33336364504288,3.4614484212968417e-14,0.0001,True,3.982925100842749e-13,0.2942988942724129,1.3533605386760375e-12,0.0001,True,7.980169240405774e-11,103.5895074458317,7.703646283460425e-13,1e-05,True,5.1996601468928816e-14,1e-06,True,1.794120407794253e-13,3.765876499528531e-13,1.8740564655672642e-13,3.765876499528531e-13,1.9451107391432743e-13,3.907985046680551e-13,1.9984014443252818e-13,3.979039320256561e-13,2.078337502098293e-13,4.050093593832571e-13,2.1316282072803006e-13,4.121147867408581e-13,True,True,pass
83,0.83,82,82,5.024562373258431e-09,708.5461274737232,7.09136946549012e-12,1e-05,True,2.230074406405366e-11,99.23484526633386,2.2472694953270965e-13,1e-05,True,2.0823423640109584e-12,8.956739554737176,2.324888818397781e-13,0.0001,True,1.7891466086439323e-11,36.84637581955175,4.855692232543965e-13,0.0001,True,5.871969577242453e-13,0.2964086630468104,1.9810384476904173e-12,0.0001,True,1.247941257410073e-09,103.56034669374388,1.2050377362105352e-11,1e-05,True,3.4815105984763173e-13,1e-06,True,3.597122599785507e-12,7.673861546209082e-12,3.754330180072429e-12,7.87281351222191e-12,3.915978652457852e-12,8.071765478234738e-12,4.077627124843275e-12,8.270717444247566e-12,4.241940132487798e-12,8.462563982902793e-12,4.403588604873221e-12,8.65441052155802e-12,True,True,pass
84,0.8400000000000001,83,83,2.1077044289528995e-09,713.7586885518049,2.9529650045022484e-12,1e-05,True,5.277158776517408e-12,99.77797912990378,5.288901241071364e-14,1e-05,True,1.2706138272733906e-12,9.026469316221027,1.4076531839420676e-13,0.0001,True,3.637978807091713e-12,37.360593087041906,9.737476058305681e-14,0.0001,True,6.933342788784103e-13,0.2985004081944265,2.322724726147815e-12,0.0001,True,5.420927907921985e-10,103.5310251519703,5.2360419497100085e-12,1e-05,True,6.037080286635382e-14,1e-06,True,8.144596108650148e-13,1.8900436771218665e-12,8.402167850363185e-13,1.9255708139098715e-12,8.659739592076221e-13,1.9468870959826745e-12,8.908429549592256e-13,1.9824142327706795e-12,9.183764859699295e-13,2.0108359422010835e-12,9.43245481721533e-13,2.0392576516314875e-12,True,True,pass
85,0.85,84,84,3.9962262582344297e-10,718.9353995867592,5.558533159629422e-13,1e-05,True,5.480621654424036e-12,100.316426082267,5.4633342399274817e-14,1e-05,True,8.091774495944467e-13,9.096052809749278,8.895918554113482e-14,0.0001,True,5.6630256040079985e-12,37.875970216591,1.4951499781060117e-13,0.0001,True,4.0795145039851377e-13,0.30057535803375407,1.3572351807785307e-12,0.0001,True,1.2715464804204876e-10,103.50160077059653,1.228528323188715e-12,1e-05,True,4.643299091576514e-15,1e-06,True,9.086065233532281e-13,1.8829382497642655e-12,9.459100169806334e-13,1.9326762412674725e-12,9.832135106080386e-13,1.9753088054130785e-12,1.0205170042354439e-12,2.0250467969162855e-12,1.0587086762825493e-12,2.0605739337042905e-12,1.0977885267493548e-12,2.1103119252074976e-12,True,True,pass
86,0.8600000000000001,85,85,1.7121021189706017e-08,724.076558424232,2.364531897975755e-11,1e-05,True,9.26956271802959e-11,100.85025385963269,9.19141237951798e-13,1e-05,True,8.034307784628004e-12,9.165489039997325,8.76582553267703e-13,0.0001,True,7.489830977647216e-11,38.39246408879374,1.9508596687945854e-12,0.0001,True,2.3055446440878313e-12,0.3026349719403731,7.618236019801715e-12,0.0001,True,4.401330300244723e-09,103.47213916069907,4.2536380671604425e-11,1e-05,True,7.801620677608256e-14,1e-06,True,1.5587531265737198e-11,3.0951241569709964e-11,1.637445734559151e-11,3.1938895972416503e-11,1.7177370637000422e-11,3.2933655802480644e-11,1.7998047496803338e-11,3.3928415632544784e-11,1.8829382497642655e-11,3.491607003525132e-11,1.9667822925839573e-11,3.588951358324266e-11,True,True,pass
87,0.87,86,86,3.963661929215851e-09,729.1824488455298,5.435761564874848e-12,1e-05,True,4.969242906397799e-11,101.37952812977568,4.901623629611576e-13,1e-05,True,6.214960346222306e-12,9.234777054706079,6.72995169174673e-13,0.0001,True,4.7684522996860323e-11,38.91003208742899,1.2255071620017037e-12,0.0001,True,4.84001727585337e-13,0.30468059527237984,1.5885544898343355e-12,0.0001,True,1.5495516219049672e-09,103.44269710874372,1.4979806842004588e-11,1e-05,True,1.3131176376281195e-13,1e-06,True,8.574474463785009e-12,1.652722403377993e-11,8.995471034722868e-12,1.7038814803527202e-11,9.423573033018329e-12,1.7550405573274475e-11,9.85700410183199e-12,1.8069101770379348e-11,1.0293987884324451e-11,1.858069254012662e-11,1.0734524380495714e-11,1.9092283309873892e-11,True,True,pass
88,0.88,87,87,3.880508581066917e-09,734.2533502563757,5.2849722506706685e-12,1e-05,True,2.2084150122543006e-11,101.90431208614152,2.1671457929940082e-13,1e-05,True,2.6043794520683222e-12,9.303915909357753,2.799229354006599e-13,0.0001,True,2.2076562800066313e-11,39.428631586247846,5.59911970360298e-13,0.0001,True,1.2567724638756772e-13,0.3067133285664254,4.097547601696403e-13,0.0001,True,2.7403026473476108e-09,103.41331779995691,2.649854685688029e-11,1e-05,True,3.7018158720661387e-13,1e-06,True,3.920419544556353e-12,7.183587058534613e-12,4.128253294766182e-12,7.432277016050648e-12,4.338751580235112e-12,7.688072400924284e-12,4.554578936222242e-12,7.950973213155521e-12,4.773070827468473e-12,8.206768598029157e-12,4.993339075554104e-12,8.455458555545192e-12,True,True,pass
89,0.89,88,88,7.744737949420402e-10,739.289542848609,1.0475919785877942e-12,1e-05,True,4.281252432468857e-12,102.4246665574596,4.1799037051949797e-14,1e-05,True,6.93572684312471e-13,9.372904669185477,7.399762494039574e-14,0.0001,True,3.33244543071487e-12,39.94821995116004,8.34191219230558e-14,0.0001,True,6.317724121629453e-13,0.30873401265693456,2.04633239702349e-12,0.0001,True,2.0818477416643285e-10,103.38403176156334,2.0137033797112263e-12,1e-05,True,1.5785665824627135e-13,1e-06,True,6.918909889463976e-13,1.5134560271690134e-12,7.149836278586008e-13,1.5347723092418164e-12,7.398526236102043e-13,1.5631940186722204e-12,7.638334409421077e-13,1.5916157281026244e-12,7.833733661755105e-13,1.6200374375330284e-12,8.08242361927114e-13,1.6413537196058314e-12,True,True,pass
90,0.9,89,89,9.959359180178283e-09,744.2913104774186,1.3380996177141912e-11,1e-05,True,5.268887068058449e-12,102.94065026393883,5.1183736012440884e-14,1e-05,True,1.9062173183280924e-12,9.441742422167447,2.0189253562484932e-13,0.0001,True,1.0132339411939029e-11,40.46875470549722,2.5037438106694855e-13,0.0001,True,4.0234482412415673e-13,0.3107432571663195,1.2947821548668687e-12,0.0001,True,3.0285706999619094e-09,103.35485959534785,2.9302644421551997e-11,1e-05,True,1.2396144223950079e-13,1e-06,True,1.0302869668521453e-12,1.7479351299698465e-12,1.0684786388992507e-12,1.7763568394002505e-12,1.1048939541069558e-12,1.8118839761882555e-12,1.1404210908949608e-12,1.8545165403338615e-12,1.1759482276829658e-12,1.8829382497642655e-12,1.2114753644709708e-12,1.9255708139098715e-12,True,True,pass
91,0.9099999999999999,90,90,1.8967765954592982e-08,749.2589426495465,2.531536812562922e-11,1e-05,True,8.692329857881565e-11,103.4523201157319,8.402257047650042e-13,1e-05,True,6.406491540369922e-12,9.510428294910511,6.736280787478672e-13,0.0001,True,7.401013135677204e-11,40.99019375045828,1.805557002421941e-12,0.0001,True,9.839906667252762e-13,0.31274148540008584,3.146338789900133e-12,0.0001,True,5.30781445481127e-09,103.32581496024623,5.136968391542238e-11,1e-05,True,4.105135827624229e-13,1e-06,True,1.511235581119763e-11,2.857092340491363e-11,1.5902834604730742e-11,2.9537261525547365e-11,1.6713741501916957e-11,3.05107050735387e-11,1.7539747432238073e-11,3.148414862153004e-11,1.8381740574113792e-11,3.2450486742163775e-11,1.923083914334711e-11,3.340261400808231e-11,True,True,pass
92,0.92,91,91,2.5619601599229605e-09,754.192735792212,3.396956823287154e-12,1e-05,True,9.963839293002415e-11,103.95973155787141,9.584325722749517e-13,1e-05,True,1.1949550816243073e-11,9.578961471089443,1.2474787431088829e-12,0.0001,True,9.810463552639703e-11,41.512495638843575,2.363255545508561e-12,0.0001,True,1.2551071293387395e-12,0.31472899103113716,3.987898049133223e-12,0.0001,True,1.6077141364100304e-09,103.2969073633305,1.5564010360495603e-11,1e-05,True,7.800390785768843e-14,1e-06,True,1.729461018840084e-11,3.348787913637352e-11,1.8072654484058148e-11,3.439737383814645e-11,1.886135692075186e-11,3.531397396727698e-11,1.9657164784803172e-11,3.623057409640751e-11,2.0461854433051485e-11,3.7125857943465235e-11,2.12700967949786e-11,3.802824721788056e-11,True,True,pass
93,0.9299999999999999,92,92,1.5424320159792986e-08,759.0929934122757,2.0319407890273844e-11,1e-05,True,3.935219680572032e-11,104.4629389458201,3.7670964652957365e-13,1e-05,True,7.452795555803501e-12,9.647341211238524,7.725232675632412e-13,0.0001,True,4.320099833421409e-11,42.03561988667016,1.0277235937208928e-12,0.0001,True,3.125166792017353e-12,0.3167060023292178,9.867722016738803e-12,0.0001,True,4.720711296255509e-09,103.26814454429521,4.571314142504648e-11,1e-05,True,2.468437035178274e-13,1e-06,True,7.224443265840819e-12,1.2782663816324202e-11,7.58504370423907e-12,1.319477860306506e-11,7.949196856316121e-12,1.361399881716352e-11,8.316902722071973e-12,1.4026113603904378e-11,8.686384944667225e-12,1.4445333818002837e-11,9.059419880941277e-12,1.4857448604743695e-11,True,True,pass
94,0.94,93,93,2.0731171189369298e-09,763.9600249889178,2.7136460693306604e-12,1e-05,True,1.458473261228965e-11,104.96199588103187,1.3895250838046724e-13,1e-05,True,1.377247171146693e-12,9.715566869355701,1.417567486968495e-13,0.0001,True,1.49000811688893e-11,42.55952725526004,3.5009978093795113e-13,0.0001,True,1.3131162823754039e-12,0.31867274099708637,4.120579244609472e-12,0.0001,True,4.3751095825036293e-10,103.23953411824984,4.237823833544628e-12,1e-05,True,4.200317123195102e-14,1e-06,True,2.5552893134772603e-12,4.874323167314287e-12,2.673417043297377e-12,5.009326287108706e-12,2.794209308376594e-12,5.144329406903125e-12,2.9167779302952113e-12,5.279332526697544e-12,3.0411229090532288e-12,5.4214410738495644e-12,3.1654678878112463e-12,5.5564441936439835e-12,True,True,pass
95,0.9500000000000001,94,94,2.9946975417686116e-09,768.7941442814129,3.895317835137437e-12,1e-05,True,2.7453570413794364e-11,105.45695541274158,2.60329632183534e-13,1e-05,True,2.8266686361499036e-12,9.783637900847562,2.889179530964681e-13,0.0001,True,2.5792701308091637e-11,43.08417991285692,5.986582861797663e-13,0.0001,True,1.0964562591198046e-12,0.32062945716306945,3.41969907824831e-12,0.0001,True,7.069148532529999e-10,103.21108415253143,6.849214491423029e-12,1e-05,True,5.946705936921495e-14,1e-06,True,4.767741756950272e-12,9.29389898374211e-12,4.972022793481301e-12,9.528378086542943e-12,5.17985654369113e-12,9.755751761986176e-12,5.384137580222159e-12,9.990230864787009e-12,5.5919713304319885e-12,1.021049911287264e-11,5.801581437481218e-12,1.0444978215673473e-11,True,True,pass
96,0.96,95,95,8.593953822759898e-10,773.5956682967027,1.1109102823290108e-12,1e-05,True,1.3663339709086566e-12,105.94787004822263,1.2896285411747908e-14,1e-05,True,5.626023710839469e-13,9.851553858451691,5.710798308241374e-14,0.0001,True,2.4371615836571436e-12,43.60954141540364,5.5885971385067035e-14,0.0001,True,1.3432033263427456e-12,0.3225764279650019,4.163984748719696e-12,0.0001,True,3.526405631633477e-10,103.18280260669688,3.4176292391234217e-12,1e-05,True,9.617016926734279e-14,1e-06,True,2.5490720645393594e-13,4.405364961712621e-13,2.7000623958883807e-13,4.547473508864641e-13,2.824407374646398e-13,4.689582056016661e-13,2.948752353404416e-13,4.831690603168681e-13,3.090860900556436e-13,4.973799150320701e-13,3.2152058793144533e-13,5.115907697472721e-13,True,True,pass
97,0.97,96,96,2.128531238716575e-09,778.3649184442243,2.734618670855604e-12,1e-05,True,4.35760762502077e-12,106.43479160264715,4.0941571448638905e-14,1e-05,True,6.847552539166606e-13,9.91931437892243,6.903251855508263e-14,0.0001,True,3.957723038183758e-12,44.13557653557132,8.967194605453967e-14,0.0001,True,4.4630965589931293e-13,0.3245139228555225,1.3753174346791136e-12,0.0001,True,4.326605866069313e-10,103.15469606839203,4.194288802131465e-12,1e-05,True,4.1939514334272607e-13,1e-06,True,7.469580509678053e-13,1.4779288903810084e-12,7.815970093361102e-13,1.5205614545266144e-12,8.135714324453147e-13,1.5560885913146194e-12,8.490985692333197e-13,1.5845103007450234e-12,8.828493491819245e-13,1.6200374375330284e-12,9.166001291305292e-13,1.6626700016786344e-12,True,True,pass
98,0.98,97,97,1.718556936239508e-09,783.1022253199849,2.194549933167774e-12,1e-05,True,7.173029216291621e-13,106.91777098684415,6.7089213982717966e-15,1e-05,True,7.943273849778783e-13,9.986919167850072,7.953677922366489e-14,0.0001,True,3.0055957722652238e-12,44.66225104456149,6.729611029382304e-14,0.0001,True,1.5474288517225432e-12,0.32644215490344264,4.7402850044910795e-12,0.0001,True,4.258144374885383e-10,103.12676871316125,4.12903887906065e-12,1e-05,True,1.2557509421412885e-13,1e-06,True,1.4921397450962104e-13,2.2737367544323206e-13,1.545430450278218e-13,2.3447910280083306e-13,1.6342482922482304e-13,2.4158453015843406e-13,1.652011860642233e-13,2.4158453015843406e-13,1.7053025658242404e-13,2.4868995751603507e-13,1.758593271006248e-13,2.6290081223123707e-13,True,True,pass
99,0.99,98,98,3.9060259253035355e-09,787.807939227831,4.9580941379342055e-12,1e-05,True,2.8610064025998775e-11,107.39685807372007,2.663957264593352e-13,1e-05,True,3.960785995785433e-12,10.054367993851656,3.9393684398735876e-13,0.0001,True,3.203837195542292e-11,45.18953161597056,7.089777390854865e-13,0.0001,True,3.4111602431607935e-13,0.32836125007756534,1.0388437254258871e-12,0.0001,True,1.0651852860312396e-09,103.09902296482105,1.033167197321256e-11,1e-05,True,2.048058784739383e-13,1e-06,True,5.282885240376345e-12,9.308109838457312e-12,5.5422333389287814e-12,9.599432360118954e-12,5.8051341511600185e-12,9.890754881780595e-12,6.071587677070056e-12,1.0174971976084635e-11,6.339817559819494e-12,1.0466294497746276e-11,6.6133765130871325e-12,1.0757617019407917e-11,True,False,fail
100,1.0,99,99,3.701837603817931e-08,792.482451162545,4.6711918962842144e-11,1e-05,True,4.679644527896651e-10,107.87210182373916,4.33814160360303e-12,1e-05,True,5.427521644102431e-11,10.121660708804843,5.362283720280235e-12,0.0001,True,4.782165774486202e-10,45.71738610737754,1.0460278204126135e-11,0.0001,True,2.1780910408608634e-12,0.33027128227146607,6.594854465943497e-12,0.0001,True,7.864542127797728e-09,103.07146430606788,7.630183757207704e-11,1e-05,True,2.8758397573047656e-13,1e-06,True,8.519052130395721e-11,1.5371881545434007e-10,8.925660210934439e-11,1.5827339439056232e-10,9.339196083146817e-11,1.6284218418149976e-10,9.758416297245276e-11,1.674038685450796e-10,1.0182255039126176e-10,1.7192292034451384e-10,1.0609291223317996e-10,1.7640644500716007e-10,True,True,pass
