index,original_target_index,leg,d_mm,state_sha256,R_input_N,q_out_mm,tip_node,tip_x_mm,tip_y_mm,solid_min_J,medium_min_J,solid_Green_principal_min,solid_Green_principal_max,medium_max_abs_Hu_per_mm,raw_overlap,strict_overlap,roundoff_ambiguous,tip_to_bottom_mm,tip_to_left_mm,tip_to_right_mm,bottom_first_ray_mm,left_first_ray_mm,total_body_Fx_N,total_body_Fy_N,material_body_Fx_N,material_body_Fy_N,regularization_body_Fx_N,regularization_body_Fy_N,cached_two_sided_normal_magnitude_sum_N
0,0,origin,0.0,0db2650bbbf9a2cc54a17d57c6a609643c7a262bf45b22386be7d914fa673f73,0.0,0.0,10300,80.0,30.0,1.0,1.0,0.0,0.0,0.0,False,False,False,1.0,18.027756377319946,1.0,1.0,2.0,0.0,0.0,0.0,0.0,0.0,0.0,0.0
1,1,loading,0.25,8a4999b9be74c1be8f4809d3c6bc8e946efdcb11ae9bbcb52a629322abcd228c,0.04576752431496978,0.29254733533081145,10300,79.90209475282974,30.292433493468884,0.9926119831572965,0.706357298824618,-0.00809887038742024,0.009059686212865,0.05878447241443546,False,False,False,0.7075665065311156,17.916072306743427,0.7143079158095037,0.7075665065311156,2.0999296573450827,-0.00015097224200362282,0.0001959391549777026,-2.6976744850356416e-05,0.0001063437056407086,-0.0001239954971532664,8.959544933699396e-05,0.0003918783099554052
2,2,loading,0.5,81de5ba3f22a8b7fcde66db1198fc8348c38fb03d844fdec3043d2577a205bc2,0.09289097516604754,0.58628499811431,10300,79.79379578404995,30.5857421939817,0.9852498279297587,0.41014755857169394,-0.016058274417710895,0.01835908095756779,0.1459059367065838,False,False,False,0.4142578060182984,17.79861730400204,0.4627415137230178,0.4142578060182984,2.206682680533572,-0.00031764967842796396,0.0005546739578690971,-5.524162124411039e-05,0.00030707300439407895,-0.00026240805718385357,0.0002476009534750178,0.0011093479157381942
3,3,loading,0.65,1abe48041bb086032e8daa8c84eac71483d32a679aafd7a554b298cf06bd2ee7,0.12238702152121542,0.7615196734802416,10300,79.72503595218404,30.76037953224193,0.9808769193825755,0.2326769393921873,-0.020730787917743403,0.024048770622670215,0.22062160625114768,False,False,False,0.2396204677580691,17.72665556372057,0.36472345161770353,0.2396204677580691,2.2732699285922813,-0.00041553605845496807,0.0010482804616604204,-7.274314090718142e-05,0.0005784117386049159,-0.0003427929175477867,0.00046986872305550427,0.0020965609233208407
4,4,loading,0.75,ee105452294633efb107bd758e7606185cd7ec9d524256a168d07da7017a5760,0.14315504454823655,0.8762752007043639,10300,79.67882966486202,30.87443161498982,0.9780125760947598,0.11578312267406325,-0.0237659693717479,0.0278799532273823,0.28297318376527214,False,False,False,0.12556838501017964,17.679275599936766,0.3448446077390597,0.12556838501017964,2.317963871921173,-0.000439030176074464,0.001792584806259707,-8.337098709573165e-05,0.0010163240257454326,-0.0003556591889787323,0.0007762607805142748,0.003585169612519414
5,5,loading,0.8,9c3b55d24d49253239606f80bacf8ef3c87c6aebb591d92da14a77bb69a69e33,0.15421292136397552,0.9321081313981173,10300,79.65622999797512,30.92976998868502,0.9766142956408003,0.058941923519126,-0.025238430804040434,0.02980237076336791,0.31677094605087885,False,False,False,0.07023001131497963,17.6563696720443,0.35087044443995274,0.07023001131497963,2.3399740682991865,-0.0004095822225325789,0.0025283982480768918,-8.873113312354568e-05,0.0015448697952022963,-0.0003208510894090333,0.0009835284528745966,0.0050567964961537835
6,6,loading,0.85,2d19d368d255e5966c880502f444386c2d56336e7201a017e849f3fcd7ae61dd,0.16705078472657217,0.983337384341189,10300,79.63626041007903,30.980326034961102,0.975316941451914,0.008390713308768259,-0.02659099097705915,0.031711649049988244,0.35064216120266933,False,False,False,0.019673965038897734,17.63627138362929,0.36427126454913467,0.019673965038897734,2.3599914368856996,-0.0003661101623771459,0.004636577550125938,-0.00010874115880239823,0.0034790753630243565,-0.0002573690035747477,0.001157502187101581,0.009273155100251876
7,7,loading,0.9,c44501d23c146dbacb258fc257ba582bacaa2df01d44710f184b04f54a991ce9,0.19350330938851512,0.9977776885286317,10300,79.64021872634169,30.992435918336756,0.9748259517576947,0.00014317974368846336,-0.027014416405753035,0.03344888250590522,0.3770542080500555,False,False,False,0.007564081663243627,17.64022034807126,0.3598607789223585,0.007564081663243627,2.3620971676639897,-0.0005981513953401702,0.018275955611587742,-0.000274515191786722,0.01717015537186891,-0.00032363620355344816,0.001105800239718828,0.036551911223175484
8,8,loading,0.95,635be4cc2141bdbae0c9ca567bf4fa366e973550530b0a0dab2044c2810780b1,0.2233701677820972,1.0032094249654324,10300,79.64964062460443,30.995330585957106,0.9745315483582028,6.43459320700707e-05,-0.027212084765191956,0.03571828474756526,0.39668060095892843,False,False,False,0.0046694140428940045,17.64964124227783,0.3503904898182566,0.0046694140428940045,2.3599224788762805,-0.0007419509497756116,0.034889988688896,-0.0003419495937627791,0.03381054217322995,-0.0004000013560128327,0.001079446515666051,0.069779977377792
9,9,loading,1.0,238d3b02310eb1d9043d9c2f6d562a606d2b4f425e341320f8eb4a561db48c78,0.2540320771886477,1.0066727288277793,10300,79.66005470474292,30.99647124986499,0.9742846874489802,4.2263976510750284e-05,-0.027355458180767293,0.03841415606393954,0.3963969832231441,False,False,False,0.003528750135011194,17.660055057292148,0.3399636095892315,0.003528750135011194,2.3567912382341523,-0.0008688864686121311,0.052179029890215785,-0.0004632498079194977,0.051084597569590294,-0.00040563666069263376,0.0010944323206254897,0.10435805978043157
10,10,loading,1.05,60a2c9b3ddc286c3eb877e8f4af38ca511ee770aecbe2569d3da5ea0c35f2c43,0.28487470006361904,1.0097696149749142,10300,79.67053137254791,30.99724909985042,0.9740466606917025,3.2020213552323714e-05,-0.027489051548570835,0.04112052384357581,0.3858563345029036,False,False,False,0.0027509001495786833,17.67053158667423,0.3294801115800392,0.0027509001495786833,2.353577582083677,-0.0009175771759184326,0.0696105864770317,-0.0005427249754765331,0.06847526920857863,-0.0003748522004418995,0.0011353172684530702,0.1392211729540634
11,11,loading,1.1,67692d9a8b93563c7e2bb4902b7593a3a6243fcd51216730b9e6cb908c25bc00,0.3158256314006974,1.0127027458468831,10300,79.6809255615654,30.99789726834851,0.9738134846198176,2.6765668099349863e-05,-0.02761746935027245,0.043834624505792855,0.3667528643256148,False,False,False,0.0021027316514903305,17.680925686600723,0.31908136696264794,0.0021027316514903305,2.3503707374577005,-0.0008915163905719849,0.08712878021277447,-0.0005826981403636663,0.08591857473006116,-0.0003088182502083186,0.0012102054827133146,0.17425756042554894
12,12,loading,1.15,f23f8e24ef9ca0026dbdd5d757a370c2aa3d99c3ba939acd758e98b7fc4e519d,0.3471343276801674,1.0149529767451642,10300,79.69128690250521,30.99844730733756,0.9736043410789503,2.454209033968162e-05,-0.027718790894676923,0.046572250781711635,0.35994546454086584,False,False,False,0.0015526926624396253,17.691286970641986,0.30871700215461184,0.0015526926624396253,2.346731284284843,-0.0008809011383459265,0.10502110575473947,-0.0005865875811051105,0.10376590339925135,-0.0002943135572408167,0.0012552023554881192,0.21004221150947894
13,13,loading,1.2,b9024263e887e0f0813c8ef64c6686f0b65899555bad19cf67a98f293958d7ed,0.37870645239539324,1.0166993609101365,10300,79.7016521645342,30.998855637371843,0.9734133408548163,2.339669248338757e-05,-0.028234137243112845,0.04932907023828547,0.3614815860369214,False,False,False,0.0011443626281568697,17.70165220152413,0.2983500301541054,0.0011443626281568697,2.342790224379151,-0.0008760157046173312,0.12317940160165043,-0.000561226821740675,0.12191255705872141,-0.0003147888828766561,0.0012668445429290087,0.24635880320330086
14,14,unloading,1.15,6460898f11570f55050774cc1412981bb6d4d5306a24ed4fe0baabde8d7c749e,0.34713432768016655,1.0149529767451688,10300,79.69128690250521,30.998447307337567,0.9736043410789503,2.454209031659191e-05,-0.027718790894676923,0.046572250781711594,0.35994546454081655,False,False,False,0.00155269266243252,17.691286970641986,0.30871700215461184,0.00155269266243252,2.346731284284843,-0.0008809011383456196,0.10502110575478034,-0.0005865875811049682,0.103765903399292,-0.0002943135572406513,0.001255202355488335,0.21004221150956068
15,15,unloading,1.1,2b365a66ff4a428afcbf90973425f3a17d997edad053b2903c02ce4222733347,0.3158256314006842,1.0127027458469087,10300,79.6809255615654,30.997897268348503,0.973813484619817,2.6765668104921696e-05,-0.027617469350273288,0.043834624505792036,0.36675286432425325,False,False,False,0.002102731651497436,17.680925686600723,0.319081366962648,0.002102731651497436,2.350370737457722,-0.0008915163905474899,0.08712878021113539,-0.0005826981403449297,0.08591857472841624,-0.0003088182502025605,0.0012102054827191474,0.17425756042227078
16,16,unloading,1.0,4fbd779ddc28b8fc629826d8897b1caa3b77fd9655c1dc331dada7ee671ac8c3,0.25403207718865656,1.0066727288277548,10300,79.66005470474295,30.996471249864964,0.974284687448981,4.226397651755705e-05,-0.027355458180766578,0.03841415606394004,0.39639698322313255,False,False,False,0.003528750135036063,17.66005505729218,0.33996360958920335,0.003528750135036063,2.356791238234138,-0.0008688864683987549,0.05217902985498521,-0.00046324980770602765,0.05108459753435984,-0.00040563666069272743,0.0010944323206253568,0.10435805970997042
17,17,unloading,0.9,d66993523146516f3142f3e80f379bd4713e5ea1250c99ceb940ef4a1fb5a030,0.1935033093885151,0.9977776885286319,10300,79.64021872634169,30.992435918336756,0.9748259517576944,0.00014317974368764728,-0.02701441640575332,0.03344888250590522,0.3770542080500544,False,False,False,0.007564081663243627,17.64022034807126,0.3598607789223585,0.007564081663243627,2.3620971676639897,-0.0005981513953401272,0.01827595561158541,-0.0002745151917866911,0.017170155371866582,-0.0003236362035534362,0.0011058002397188267,0.03655191122317082
18,18,unloading,0.8,dc01280ad7a3e88e9bd3fd77f0b951845b65b7ee4c86783e32e9e0bd266ccf83,0.15421292136397563,0.9321081313981173,10300,79.65622999797512,30.92976998868502,0.9766142956408002,0.058941923519125944,-0.025238430804040462,0.029802370763367857,0.3167709460508822,False,False,False,0.07023001131497963,17.6563696720443,0.35087044443995274,0.07023001131497963,2.3399740682991865,-0.00040958222253257496,0.002528398248076911,-8.873113312354574e-05,0.0015448697952022954,-0.00032085108940902926,0.0009835284528746163,0.005056796496153822
19,19,unloading,0.75,7724f0e212f077d84a85b1e10c94d5ea7cf6d46e3b78e5238ac198dd52cc9bee,0.14315504454823652,0.8762752007043639,10300,79.67882966486202,30.87443161498982,0.9780125760947598,0.11578312267406325,-0.0237659693717479,0.0278799532273823,0.28297318376527214,False,False,False,0.12556838501017964,17.679275599936766,0.3448446077390597,0.12556838501017964,2.317963871921173,-0.0004390301760744659,0.0017925848062597,-8.33709870957317e-05,0.0010163240257454326,-0.00035565918897873417,0.0007762607805142686,0.0035851696125194
20,20,unloading,0.65,a14b36bb82b751183cbea5f539e7ce4624bfbf28d02d2d88668b3bdb885817ce,0.1223870215212154,0.7615196734802417,10300,79.72503595218404,30.76037953224193,0.9808769193825753,0.23267693939218734,-0.020730787917743458,0.024048770622670138,0.2206216062511479,False,False,False,0.2396204677580691,17.72665556372057,0.36472345161770353,0.2396204677580691,2.2732699285922813,-0.00041553605845496964,0.0010482804616604034,-7.274314090718146e-05,0.0005784117386049159,-0.00034279291754778815,0.0004698687230554886,0.002096560923320807
21,21,unloading,0.5,c4b3370a1cd6c0bd81e2f7fa08dcd5b02c21b239bf0dad485b80d15682a5b7d7,0.09289097516604748,0.58628499811431,10300,79.79379578404995,30.5857421939817,0.9852498279297588,0.4101475585716941,-0.016058274417710763,0.018359080957567706,0.14590593670658392,False,False,False,0.4142578060182984,17.79861730400204,0.4627415137230178,0.4142578060182984,2.206682680533572,-0.0003176496784279663,0.0005546739578690946,-5.52416212441104e-05,0.00030707300439407917,-0.00026240805718385585,0.00024760095347501547,0.0011093479157381892
22,22,unloading,0.25,0ca87a8dd0af8054ec7461e2b1038c7abd06b095313a120e306c83a0d9de3363,0.04576752431496977,0.2925473353308115,10300,79.90209475282974,30.292433493468884,0.9926119831572965,0.706357298824618,-0.008098870387420225,0.009059686212865,0.058784472414435573,False,False,False,0.7075665065311156,17.916072306743427,0.7143079158095037,0.7075665065311156,2.0999296573450827,-0.00015097224200362252,0.00019593915497770315,-2.697674485035642e-05,0.00010634370564070862,-0.0001239954971532661,8.959544933699453e-05,0.0003918783099554063
23,23,unloading,0.0,65c4b80ffe62683a883ccdf0559d1c6f14a013b2dabfa1b4bb9bb2390c64b87f,-2.74649812494227e-26,-9.310010185974537e-25,10300,80.0,30.0,1.0,1.0,-2.638520424632573e-24,2.638520424632573e-24,1.766606665589285e-24,False,False,False,1.0,18.027756377319946,1.0,1.0,2.0,1.0692772104248615e-27,-4.553785362498083e-27,1.1144090552150704e-28,-2.9457611335764292e-28,9.578363049033545e-28,-4.25920924914044e-27,9.107570724996166e-27
