index,original_target_index,leg,d_mm,state_sha256,R_input_N,q_out_mm,tip_x_mm,tip_y_mm,solid_min_J,medium_min_J,solid_Green_principal_min,solid_Green_principal_max,medium_max_abs_Hu_per_mm,raw_overlap,strict_overlap,roundoff_ambiguous,tip_to_bottom_mm,tip_to_left_mm,tip_to_right_mm,bottom_first_ray_mm,left_first_ray_mm,total_body_Fx_N,total_body_Fy_N,material_body_Fx_N,material_body_Fy_N,regularization_body_Fx_N,regularization_body_Fy_N,cached_two_sided_normal_magnitude_sum_N
0,0,origin,0.0,26d76fa997d7fc33a9ff6a4b606fc4f31e3f1c0753050e330d97c92565c2bbe2,0.0,0.0,80.0,30.0,1.0,1.0,0.0,0.0,0.0,False,False,False,2.23606797749979,17.11724276862369,2.23606797749979,2.0,3.0,0.0,0.0,0.0,0.0,0.0,0.0,0.0
1,1,loading,0.5,e95eac9aaf400853adfcd8daeef308a6ffbcf42ef227183c05c82690a5ff552e,0.10624453013654195,0.5757840051002001,79.80436933040134,30.575439596446184,0.9872779375731344,0.7223798218641377,-0.012111343414803095,0.013629673873459858,0.04187053977571534,False,False,False,1.6359652695163536,16.864643516419395,1.6359652695163536,1.4459012950464878,3.2060621230799846,-0.00011443304134755553,0.0001350598644814841,-3.1854460027161747e-05,9.661925770030565e-05,-8.257858132039378e-05,3.8440606781178455e-05,0.0002701197289629682
2,2,loading,1.0,33370dd78645a27de2dbc3b5919234426daaab57df154c97e33884a509ec8dc7,0.2168466572169855,1.1592561739302323,79.56647954112215,31.15784473134163,0.9746721654198918,0.43216136542356365,-0.023862602838727258,0.027915173300556255,0.11259339923520634,False,False,False,1.0149505244291528,16.587871167903003,1.0149505244291528,0.8724250775442831,3.4396633486709027,-0.00025303080870519743,0.0003618273915489051,-6.989591438973717e-05,0.0002778296554789402,-0.0001831348943154603,8.399773606996503e-05,0.0007236547830978102
3,3,loading,1.5,951ec6001747c6f817c9555e681f55ee89dc03cb9bd377ac2e6265f44e6e965a,0.33356113538781834,1.7464913838596914,79.28904825213809,31.743270116223577,0.9622522916576135,0.13055402350595996,-0.035185258239928026,0.04288017060790811,0.2454306106504851,False,False,False,0.38659943777499073,16.29107127213268,0.38659943777499073,0.2800355742781034,3.6983293445515555,-0.0004475188830279895,0.0010771406414908046,-0.00013465185081994478,0.0009052781931102569,-0.0003128670322080447,0.0001718624483805483,0.002154281282981609
4,4,loading,1.625,9528150eb4e20c54d4195ac57f0d32775eaaab1d83a3fc10d625d4a55dadea91,0.3646719475064042,1.8913474694847257,79.21545492791827,31.887542024063077,0.9592187004690819,0.05653826860408081,-0.03790222437712455,0.04672077257454835,0.2987407295490134,False,False,False,0.24303831450225682,16.215844884424026,0.24303831450225682,0.1312771041035439,3.7654422754944292,-0.0005442991611498524,0.0018858121267291573,-0.00019336349121840902,0.0016184011208289434,-0.00035093566993144346,0.0002674110059002129,0.0037716242534583146
5,4,loading,1.6875,3b145f52dc513f16c1b40063ea81dba27afb96f0f87935e922296ac98f8ca5fc,0.38172599266367363,1.9602313623449903,79.1804380162122,31.95606454168545,0.9577668509851014,0.024412952115148857,-0.039182078009862745,0.048642803464534756,0.3300428152898815,False,False,False,0.18570999486269232,16.180497666047916,0.18570999486269232,0.06025409271699625,3.797557529174579,-0.0006767428041629781,0.0033597406305718377,-0.00030577951096190094,0.0028856785006703303,-0.0003709632932010773,0.00047406212990151156,0.0067194812611436755
6,4,loading,1.71875,b0c899997e71baee2104cd9aaa3ea0a3a0e6f846afa146987d91dc532e8304ab,0.39226513209692,1.9893665182351108,79.1666510051334,31.984923943206297,0.9571310738257018,0.011900195805179889,-0.03971823256053292,0.04958590821979177,0.34260188723300755,False,False,False,0.1673315421563443,16.166658034648638,0.1673315421563443,0.030332329786748255,3.8108030214398534,-0.0008795565522817768,0.005710992886850457,-0.0004848976750038061,0.004915707508377717,-0.0003946588772779709,0.0007952853784727362,0.011421985773700913
7,4,loading,1.734375,a057a31946a7927a46b2327131a2dd675967699147049d5445360a6d54aa43e1,0.3990271770292008,1.9999328043956708,79.1626747272566,31.995280049235877,0.9568804070208862,0.007192630610777973,-0.039909574231591596,0.05004179337778767,0.3472261256361227,False,False,False,0.162743186718293,16.162675416435068,0.162743186718293,0.019647011732455907,3.8152380090957787,-0.0010848250935802737,0.008099364264996741,-0.0006700497697502857,0.007059844503324238,-0.00041477532382998804,0.0010395197616725024,0.016198728529993482
8,4,loading,1.75,c1ca60b35e3876a4f27ff80eebd8ab86321f06c6b14794dfad301857530d4fb7,0.4071596691984945,2.0068121000440176,79.16140669546208,32.00188114379976,0.9566915527423517,0.0040346462544351225,-0.04003058000043522,0.05048290247675689,0.3506485569007061,False,False,False,0.16141765715677747,16.161406695462077,0.16140669546207675,0.012912715844397862,3.817645874727272,-0.0013848151578728094,0.011606452306017275,-0.0009543840538807336,0.010382897090486221,-0.0004304311039920756,0.0012235552155310566,0.02321290461203455
9,5,loading,1.7625,dd0d034783af7428bb15fe1bdf25a55a2f6374fea33071b971b6642964aab8c9,0.41446184090288235,2.0101717466431417,79.16197039266018,32.00497871931935,0.9565764647970932,0.002451610600242473,-0.04008656015475098,0.05082719775934154,0.3524514374910318,False,False,False,0.16204689365906944,16.16197039266018,0.1619703926601801,0.009823262192717466,3.81839114562893,-0.0016803003662728116,0.015063214484694732,-0.0012474744003219587,0.013807873164244644,-0.00043282596595085296,0.0012553413204500889,0.030126428969389465
10,5,loading,1.775,9528ab597b606e1e8f38bc02ae2034ad99d9982dad4b02fd179c0bb590330de0,0.42218148192926164,2.012408126772404,79.16336094966606,32.006933130904656,0.9564803335484051,0.0015588616675332296,-0.0401211704081821,0.05116705375288969,0.35354705438351414,False,False,False,0.1635080064704388,16.163360949666057,0.16336094966605685,0.007936493820273394,3.8185166427520554,-0.00200535096856044,0.018860847326456813,-0.0015775814289610281,0.01765607909875963,-0.0004277695395994116,0.0012047682276971916,0.037721694652913626
11,5,loading,1.8,5dc95b4e5d39c65cf3e3adea74bb31c528af8bdb3dc13710d1370fd058d72610,0.4381971939013258,2.015337112895241,79.16727043199774,32.00927435359189,0.9563144203115251,0.0008316610690693917,-0.04016113706326722,0.051840965248729304,0.3543912467494037,False,False,False,0.16752734420164525,16.167270431997736,0.1672704319977356,0.005809248184437205,3.8179165710708607,-0.0026944825817364847,0.02692403501241598,-0.002283786817698581,0.025894241483371223,-0.00041069576403790443,0.0010297935290447542,0.05384807002483196
12,6,unloading,1.75,3391e6e0d763a6674c96ded1baa7c247ba5b0fe4767c0af4e8f9b8477e564b5e,0.40715966919850116,2.0068121000439993,79.16140669546209,32.00188114379974,0.956691552742352,0.004034646254431019,-0.04003058000043487,0.05048290247675654,0.35064855690066943,False,False,False,0.16141765715679152,16.16140669546209,0.16140669546209097,0.012912715844413947,3.817645874727264,-0.0013848151578734287,0.011606452306022788,-0.0009543840538813106,0.010382897090491018,-0.00043043110399211836,0.0012235552155317726,0.023212904612045577
